s_min,1
s_max,4000.0
num_s,30
d,2
lamda,1
num_cores,35
num_trials,100
factor,0.9
scaling,log-scale-factor-0.9
T,1.0,138.89655172413794,276.7931034482759,414.68965517241384,552.5862068965517,690.4827586206897,828.3793103448277,966.2758620689656,1104.1724137931035,1242.0689655172414,1379.9655172413793,1517.8620689655172,1655.7586206896553,1793.6551724137933,1931.5517241379312,2069.448275862069,2207.344827586207,2345.241379310345,2483.137931034483,2621.034482758621,2758.9310344827586,2896.8275862068967,3034.7241379310344,3172.6206896551726,3310.5172413793107,3448.4137931034484,3586.3103448275865,3724.206896551724,3862.1034482758623,4000.0
0,inf,144.72591472939527,285.1687833760027,422.9434072487272,561.8693190248384,702.4027301284715,840.4450430271181,980.1773010425592,1119.1606588686473,1258.1768782829301,1397.6879772957707,1537.4587219980492,1675.8360450701396,1815.4340599082273,1954.2203921454288,2093.2755920714667,2233.055438746777,2371.3228920165825,2510.300501062449,2649.399907352333,2788.3567676655443,2927.700501486899,3066.7193313136536,3205.507349410947,3344.327599706421,3483.3879643454907,3622.2814942063947,3761.3841380435742,3900.36125322262,4038.7887935080344
1,inf,144.72591472939527,285.1687833760027,422.9434072487272,561.8693190248384,702.4027301284715,840.4450430271181,980.1773010425592,1119.1606588686473,1258.1768782829301,1397.6879772957707,1537.4587219980492,1675.8360450701396,1815.4340599082273,1954.2203921454288,2093.2755920714667,2233.055438746777,2371.3228920165825,2510.300501062449,2649.399907352333,2788.3567676655443,2927.700501486899,3066.7193313136536,3205.507349410947,3344.327599706421,3483.3879643454907,3622.2814942063947,3761.3841380435742,3900.36125322262,4038.7887935080344
2,inf,144.72591472939527,285.1687833760027,422.9434072487272,561.8693190248384,702.4027301284715,840.4450430271181,980.1773010425592,1119.1606588686473,1258.1768782829301,1397.6879772957707,1537.4587219980492,1675.8360450701396,1815.4340599082273,1954.2203921454288,2093.2755920714667,2233.055438746777,2371.3228920165825,2510.300501062449,2649.399907352333,2788.3567676655443,2927.700501486899,3066.7193313136536,3205.507349410947,3344.327599706421,3483.3879643454907,3622.2814942063947,3761.3841380435742,3900.36125322262,4038.7887935080344
3,inf,144.72591472939527,285.1687833760027,422.9434072487272,561.8693190248384,702.4027301284715,840.4450430271181,980.1773010425592,1119.1606588686473,1258.1768782829301,1397.6879772957707,1537.4587219980492,1675.8360450701396,1815.4340599082273,1954.2203921454288,2093.2755920714667,2233.055438746777,2371.3228920165825,2510.300501062449,2649.399907352333,2788.3567676655443,2927.700501486899,3066.7193313136536,3205.507349410947,3344.327599706421,3483.3879643454907,3622.2814942063947,3761.3841380435742,3900.36125322262,4038.7887935080344
4,inf,144.72591472939527,285.1687833760027,422.9434072487272,561.8693190248384,702.4027301284715,840.4450430271181,980.1773010425592,1119.1606588686473,1258.1768782829301,1397.6879772957707,1537.4587219980492,1675.8360450701396,1815.4340599082273,1954.2203921454288,2093.2755920714667,2233.055438746777,2371.3228920165825,2510.300501062449,2649.399907352333,2788.3567676655443,2927.700501486899,3066.7193313136536,3205.507349410947,3344.327599706421,3483.3879643454907,3622.2814942063947,3761.3841380435742,3900.36125322262,4038.7887935080344
5,inf,144.72591472939527,285.1687833760027,422.9434072487272,561.8693190248384,702.4027301284715,840.4450430271181,980.1773010425592,1119.1606588686473,1258.1768782829301,1397.6879772957707,1537.4587219980492,1675.8360450701396,1815.4340599082273,1954.2203921454288,2093.2755920714667,2233.055438746777,2371.3228920165825,2510.300501062449,2649.399907352333,2788.3567676655443,2927.700501486899,3066.7193313136536,3205.507349410947,3344.327599706421,3483.3879643454907,3622.2814942063947,3761.3841380435742,3900.36125322262,4038.7887935080344
6,inf,144.72591472939527,285.1687833760027,422.9434072487272,561.8693190248384,702.4027301284715,840.4450430271181,980.1773010425592,1119.1606588686473,1258.1768782829301,1397.6879772957707,1537.4587219980492,1675.8360450701396,1815.4340599082273,1954.2203921454288,2093.2755920714667,2233.055438746777,2371.3228920165825,2510.300501062449,2649.399907352333,2788.3567676655443,2927.700501486899,3066.7193313136536,3205.507349410947,3344.327599706421,3483.3879643454907,3622.2814942063947,3761.3841380435742,3900.36125322262,4038.7887935080344
7,inf,144.72591472939527,285.1687833760027,422.9434072487272,561.8693190248384,702.4027301284715,840.4450430271181,980.1773010425592,1119.1606588686473,1258.1768782829301,1397.6879772957707,1537.4587219980492,1675.8360450701396,1815.4340599082273,1954.2203921454288,2093.2755920714667,2233.055438746777,2371.3228920165825,2510.300501062449,2649.399907352333,2788.3567676655443,2927.700501486899,3066.7193313136536,3205.507349410947,3344.327599706421,3483.3879643454907,3622.2814942063947,3761.3841380435742,3900.36125322262,4038.7887935080344
8,inf,144.72591472939527,285.1687833760027,422.9434072487272,561.8693190248384,702.4027301284715,840.4450430271181,980.1773010425592,1119.1606588686473,1258.1768782829301,1397.6879772957707,1537.4587219980492,1675.8360450701396,1815.4340599082273,1954.2203921454288,2093.2755920714667,2233.055438746777,2371.3228920165825,2510.300501062449,2649.399907352333,2788.3567676655443,2927.700501486899,3066.7193313136536,3205.507349410947,3344.327599706421,3483.3879643454907,3622.2814942063947,3761.3841380435742,3900.36125322262,4038.7887935080344
9,inf,144.72591472939527,285.1687833760027,422.9434072487272,561.8693190248384,702.4027301284715,840.4450430271181,980.1773010425592,1119.1606588686473,1258.1768782829301,1397.6879772957707,1537.4587219980492,1675.8360450701396,1815.4340599082273,1954.2203921454288,2093.2755920714667,2233.055438746777,2371.3228920165825,2510.300501062449,2649.399907352333,2788.3567676655443,2927.700501486899,3066.7193313136536,3205.507349410947,3344.327599706421,3483.3879643454907,3622.2814942063947,3761.3841380435742,3900.36125322262,4038.7887935080344
10,inf,144.72591472939527,285.1687833760027,422.9434072487272,561.8693190248384,702.4027301284715,840.4450430271181,980.1773010425592,1119.1606588686473,1258.1768782829301,1397.6879772957707,1537.4587219980492,1675.8360450701396,1815.4340599082273,1954.2203921454288,2093.2755920714667,2233.055438746777,2371.3228920165825,2510.300501062449,2649.399907352333,2788.3567676655443,2927.700501486899,3066.7193313136536,3205.507349410947,3344.327599706421,3483.3879643454907,3622.2814942063947,3761.3841380435742,3900.36125322262,4038.7887935080344
11,inf,144.72591472939527,285.1687833760027,422.9434072487272,561.8693190248384,702.4027301284715,840.4450430271181,980.1773010425592,1119.1606588686473,1258.1768782829301,1397.6879772957707,1537.4587219980492,1675.8360450701396,1815.4340599082273,1954.2203921454288,2093.2755920714667,2233.055438746777,2371.3228920165825,2510.300501062449,2649.399907352333,2788.3567676655443,2927.700501486899,3066.7193313136536,3205.507349410947,3344.327599706421,3483.3879643454907,3622.2814942063947,3761.3841380435742,3900.36125322262,4038.7887935080344
12,inf,144.72591472939527,285.1687833760027,422.9434072487272,561.8693190248384,702.4027301284715,840.4450430271181,980.1773010425592,1119.1606588686473,1258.1768782829301,1397.6879772957707,1537.4587219980492,1675.8360450701396,1815.4340599082273,1954.2203921454288,2093.2755920714667,2233.055438746777,2371.3228920165825,2510.300501062449,2649.399907352333,2788.3567676655443,2927.700501486899,3066.7193313136536,3205.507349410947,3344.327599706421,3483.3879643454907,3622.2814942063947,3761.3841380435742,3900.36125322262,4038.7887935080344
13,inf,144.72591472939527,285.1687833760027,422.9434072487272,561.8693190248384,702.4027301284715,840.4450430271181,980.1773010425592,1119.1606588686473,1258.1768782829301,1397.6879772957707,1537.4587219980492,1675.8360450701396,1815.4340599082273,1954.2203921454288,2093.2755920714667,2233.055438746777,2371.3228920165825,2510.300501062449,2649.399907352333,2788.3567676655443,2927.700501486899,3066.7193313136536,3205.507349410947,3344.327599706421,3483.3879643454907,3622.2814942063947,3761.3841380435742,3900.36125322262,4038.7887935080344
14,inf,144.72591472939527,285.1687833760027,422.9434072487272,561.8693190248384,702.4027301284715,840.4450430271181,980.1773010425592,1119.1606588686473,1258.1768782829301,1397.6879772957707,1537.4587219980492,1675.8360450701396,1815.4340599082273,1954.2203921454288,2093.2755920714667,2233.055438746777,2371.3228920165825,2510.300501062449,2649.399907352333,2788.3567676655443,2927.700501486899,3066.7193313136536,3205.507349410947,3344.327599706421,3483.3879643454907,3622.2814942063947,3761.3841380435742,3900.36125322262,4038.7887935080344
15,inf,144.72591472939527,285.1687833760027,422.9434072487272,561.8693190248384,702.4027301284715,840.4450430271181,980.1773010425592,1119.1606588686473,1258.1768782829301,1397.6879772957707,1537.4587219980492,1675.8360450701396,1815.4340599082273,1954.2203921454288,2093.2755920714667,2233.055438746777,2371.3228920165825,2510.300501062449,2649.399907352333,2788.3567676655443,2927.700501486899,3066.7193313136536,3205.507349410947,3344.327599706421,3483.3879643454907,3622.2814942063947,3761.3841380435742,3900.36125322262,4038.7887935080344
16,inf,144.72591472939527,285.1687833760027,422.9434072487272,561.8693190248384,702.4027301284715,840.4450430271181,980.1773010425592,1119.1606588686473,1258.1768782829301,1397.6879772957707,1537.4587219980492,1675.8360450701396,1815.4340599082273,1954.2203921454288,2093.2755920714667,2233.055438746777,2371.3228920165825,2510.300501062449,2649.399907352333,2788.3567676655443,2927.700501486899,3066.7193313136536,3205.507349410947,3344.327599706421,3483.3879643454907,3622.2814942063947,3761.3841380435742,3900.36125322262,4038.7887935080344
17,inf,144.72591472939527,285.1687833760027,422.9434072487272,561.8693190248384,702.4027301284715,840.4450430271181,980.1773010425592,1119.1606588686473,1258.1768782829301,1397.6879772957707,1537.4587219980492,1675.8360450701396,1815.4340599082273,1954.2203921454288,2093.2755920714667,2233.055438746777,2371.3228920165825,2510.300501062449,2649.399907352333,2788.3567676655443,2927.700501486899,3066.7193313136536,3205.507349410947,3344.327599706421,3483.3879643454907,3622.2814942063947,3761.3841380435742,3900.36125322262,4038.7887935080344
18,inf,144.72591472939527,285.1687833760027,422.9434072487272,561.8693190248384,702.4027301284715,840.4450430271181,980.1773010425592,1119.1606588686473,1258.1768782829301,1397.6879772957707,1537.4587219980492,1675.8360450701396,1815.4340599082273,1954.2203921454288,2093.2755920714667,2233.055438746777,2371.3228920165825,2510.300501062449,2649.399907352333,2788.3567676655443,2927.700501486899,3066.7193313136536,3205.507349410947,3344.327599706421,3483.3879643454907,3622.2814942063947,3761.3841380435742,3900.36125322262,4038.7887935080344
19,inf,144.72591472939527,285.1687833760027,422.9434072487272,561.8693190248384,702.4027301284715,840.4450430271181,980.1773010425592,1119.1606588686473,1258.1768782829301,1397.6879772957707,1537.4587219980492,1675.8360450701396,1815.4340599082273,1954.2203921454288,2093.2755920714667,2233.055438746777,2371.3228920165825,2510.300501062449,2649.399907352333,2788.3567676655443,2927.700501486899,3066.7193313136536,3205.507349410947,3344.327599706421,3483.3879643454907,3622.2814942063947,3761.3841380435742,3900.36125322262,4038.7887935080344
20,inf,144.72591472939527,285.1687833760027,422.9434072487272,561.8693190248384,702.4027301284715,840.4450430271181,980.1773010425592,1119.1606588686473,1258.1768782829301,1397.6879772957707,1537.4587219980492,1675.8360450701396,1815.4340599082273,1954.2203921454288,2093.2755920714667,2233.055438746777,2371.3228920165825,2510.300501062449,2649.399907352333,2788.3567676655443,2927.700501486899,3066.7193313136536,3205.507349410947,3344.327599706421,3483.3879643454907,3622.2814942063947,3761.3841380435742,3900.36125322262,4038.7887935080344
21,inf,144.72591472939527,285.1687833760027,422.9434072487272,561.8693190248384,702.4027301284715,840.4450430271181,980.1773010425592,1119.1606588686473,1258.1768782829301,1397.6879772957707,1537.4587219980492,1675.8360450701396,1815.4340599082273,1954.2203921454288,2093.2755920714667,2233.055438746777,2371.3228920165825,2510.300501062449,2649.399907352333,2788.3567676655443,2927.700501486899,3066.7193313136536,3205.507349410947,3344.327599706421,3483.3879643454907,3622.2814942063947,3761.3841380435742,3900.36125322262,4038.7887935080344
22,inf,144.72591472939527,285.1687833760027,422.9434072487272,561.8693190248384,702.4027301284715,840.4450430271181,980.1773010425592,1119.1606588686473,1258.1768782829301,1397.6879772957707,1537.4587219980492,1675.8360450701396,1815.4340599082273,1954.2203921454288,2093.2755920714667,2233.055438746777,2371.3228920165825,2510.300501062449,2649.399907352333,2788.3567676655443,2927.700501486899,3066.7193313136536,3205.507349410947,3344.327599706421,3483.3879643454907,3622.2814942063947,3761.3841380435742,3900.36125322262,4038.7887935080344
23,inf,144.72591472939527,285.1687833760027,422.9434072487272,561.8693190248384,702.4027301284715,840.4450430271181,980.1773010425592,1119.1606588686473,1258.1768782829301,1397.6879772957707,1537.4587219980492,1675.8360450701396,1815.4340599082273,1954.2203921454288,2093.2755920714667,2233.055438746777,2371.3228920165825,2510.300501062449,2649.399907352333,2788.3567676655443,2927.700501486899,3066.7193313136536,3205.507349410947,3344.327599706421,3483.3879643454907,3622.2814942063947,3761.3841380435742,3900.36125322262,4038.7887935080344
24,inf,144.72591472939527,285.1687833760027,422.9434072487272,561.8693190248384,702.4027301284715,840.4450430271181,980.1773010425592,1119.1606588686473,1258.1768782829301,1397.6879772957707,1537.4587219980492,1675.8360450701396,1815.4340599082273,1954.2203921454288,2093.2755920714667,2233.055438746777,2371.3228920165825,2510.300501062449,2649.399907352333,2788.3567676655443,2927.700501486899,3066.7193313136536,3205.507349410947,3344.327599706421,3483.3879643454907,3622.2814942063947,3761.3841380435742,3900.36125322262,4038.7887935080344
25,inf,144.72591472939527,285.1687833760027,422.9434072487272,561.8693190248384,702.4027301284715,840.4450430271181,980.1773010425592,1119.1606588686473,1258.1768782829301,1397.6879772957707,1537.4587219980492,1675.8360450701396,1815.4340599082273,1954.2203921454288,2093.2755920714667,2233.055438746777,2371.3228920165825,2510.300501062449,2649.399907352333,2788.3567676655443,2927.700501486899,3066.7193313136536,3205.507349410947,3344.327599706421,3483.3879643454907,3622.2814942063947,3761.3841380435742,3900.36125322262,4038.7887935080344
26,inf,144.72591472939527,285.1687833760027,422.9434072487272,561.8693190248384,702.4027301284715,840.4450430271181,980.1773010425592,1119.1606588686473,1258.1768782829301,1397.6879772957707,1537.4587219980492,1675.8360450701396,1815.4340599082273,1954.2203921454288,2093.2755920714667,2233.055438746777,2371.3228920165825,2510.300501062449,2649.399907352333,2788.3567676655443,2927.700501486899,3066.7193313136536,3205.507349410947,3344.327599706421,3483.3879643454907,3622.2814942063947,3761.3841380435742,3900.36125322262,4038.7887935080344
27,inf,144.72591472939527,285.1687833760027,422.9434072487272,561.8693190248384,702.4027301284715,840.4450430271181,980.1773010425592,1119.1606588686473,1258.1768782829301,1397.6879772957707,1537.4587219980492,1675.8360450701396,1815.4340599082273,1954.2203921454288,2093.2755920714667,2233.055438746777,2371.3228920165825,2510.300501062449,2649.399907352333,2788.3567676655443,2927.700501486899,3066.7193313136536,3205.507349410947,3344.327599706421,3483.3879643454907,3622.2814942063947,3761.3841380435742,3900.36125322262,4038.7887935080344
28,inf,144.72591472939527,285.1687833760027,422.9434072487272,561.8693190248384,702.4027301284715,840.4450430271181,980.1773010425592,1119.1606588686473,1258.1768782829301,1397.6879772957707,1537.4587219980492,1675.8360450701396,1815.4340599082273,1954.2203921454288,2093.2755920714667,2233.055438746777,2371.3228920165825,2510.300501062449,2649.399907352333,2788.3567676655443,2927.700501486899,3066.7193313136536,3205.507349410947,3344.327599706421,3483.3879643454907,3622.2814942063947,3761.3841380435742,3900.36125322262,4038.7887935080344
29,inf,144.72591472939527,285.1687833760027,422.9434072487272,561.8693190248384,702.4027301284715,840.4450430271181,980.1773010425592,1119.1606588686473,1258.1768782829301,1397.6879772957707,1537.4587219980492,1675.8360450701396,1815.4340599082273,1954.2203921454288,2093.2755920714667,2233.055438746777,2371.3228920165825,2510.300501062449,2649.399907352333,2788.3567676655443,2927.700501486899,3066.7193313136536,3205.507349410947,3344.327599706421,3483.3879643454907,3622.2814942063947,3761.3841380435742,3900.36125322262,4038.7887935080344
30,inf,144.72591472939527,285.1687833760027,422.9434072487272,561.8693190248384,702.4027301284715,840.4450430271181,980.1773010425592,1119.1606588686473,1258.1768782829301,1397.6879772957707,1537.4587219980492,1675.8360450701396,1815.4340599082273,1954.2203921454288,2093.2755920714667,2233.055438746777,2371.3228920165825,2510.300501062449,2649.399907352333,2788.3567676655443,2927.700501486899,3066.7193313136536,3205.507349410947,3344.327599706421,3483.3879643454907,3622.2814942063947,3761.3841380435742,3900.36125322262,4038.7887935080344
31,inf,144.72591472939527,285.1687833760027,422.9434072487272,561.8693190248384,702.4027301284715,840.4450430271181,980.1773010425592,1119.1606588686473,1258.1768782829301,1397.6879772957707,1537.4587219980492,1675.8360450701396,1815.4340599082273,1954.2203921454288,2093.2755920714667,2233.055438746777,2371.3228920165825,2510.300501062449,2649.399907352333,2788.3567676655443,2927.700501486899,3066.7193313136536,3205.507349410947,3344.327599706421,3483.3879643454907,3622.2814942063947,3761.3841380435742,3900.36125322262,4038.7887935080344
32,inf,144.72591472939527,285.1687833760027,422.9434072487272,561.8693190248384,702.4027301284715,840.4450430271181,980.1773010425592,1119.1606588686473,1258.1768782829301,1397.6879772957707,1537.4587219980492,1675.8360450701396,1815.4340599082273,1954.2203921454288,2093.2755920714667,2233.055438746777,2371.3228920165825,2510.300501062449,2649.399907352333,2788.3567676655443,2927.700501486899,3066.7193313136536,3205.507349410947,3344.327599706421,3483.3879643454907,3622.2814942063947,3761.3841380435742,3900.36125322262,4038.7887935080344
33,inf,144.72591472939527,285.1687833760027,422.9434072487272,561.8693190248384,702.4027301284715,840.4450430271181,980.1773010425592,1119.1606588686473,1258.1768782829301,1397.6879772957707,1537.4587219980492,1675.8360450701396,1815.4340599082273,1954.2203921454288,2093.2755920714667,2233.055438746777,2371.3228920165825,2510.300501062449,2649.399907352333,2788.3567676655443,2927.700501486899,3066.7193313136536,3205.507349410947,3344.327599706421,3483.3879643454907,3622.2814942063947,3761.3841380435742,3900.36125322262,4038.7887935080344
34,inf,144.72591472939527,285.1687833760027,422.9434072487272,561.8693190248384,702.4027301284715,840.4450430271181,980.1773010425592,1119.1606588686473,1258.1768782829301,1397.6879772957707,1537.4587219980492,1675.8360450701396,1815.4340599082273,1954.2203921454288,2093.2755920714667,2233.055438746777,2371.3228920165825,2510.300501062449,2649.399907352333,2788.3567676655443,2927.700501486899,3066.7193313136536,3205.507349410947,3344.327599706421,3483.3879643454907,3622.2814942063947,3761.3841380435742,3900.36125322262,4038.7887935080344
35,inf,143.4576439051604,283.6755177653818,423.40792816200513,562.9106379886067,702.4198086367985,841.6743450837581,980.9004271806037,1120.0018433291225,1259.6432417986882,1398.489777056893,1537.8214828517634,1677.214120088637,1815.9320500631611,1954.7411005660408,2094.177880000997,2233.5453935397627,2372.5874410584997,2510.4416601472476,2650.2486652211196,2789.620656853063,2928.1639849608578,3067.0441408737997,3206.2440571362818,3344.9555946061237,3484.0518500173816,3622.8521016487925,3761.7381762665364,3900.76863779238,4040.1500456655112
36,inf,143.4576439051604,283.6755177653818,423.40792816200513,562.9106379886067,702.4198086367985,841.6743450837581,980.9004271806037,1120.0018433291225,1259.6432417986882,1398.489777056893,1537.8214828517634,1677.214120088637,1815.9320500631611,1954.7411005660408,2094.177880000997,2233.5453935397627,2372.5874410584997,2510.4416601472476,2650.2486652211196,2789.620656853063,2928.1639849608578,3067.0441408737997,3206.2440571362818,3344.9555946061237,3484.0518500173816,3622.8521016487925,3761.7381762665364,3900.76863779238,4040.1500456655112
37,inf,143.4576439051604,283.6755177653818,423.40792816200513,562.9106379886067,702.4198086367985,841.6743450837581,980.9004271806037,1120.0018433291225,1259.6432417986882,1398.489777056893,1537.8214828517634,1677.214120088637,1815.9320500631611,1954.7411005660408,2094.177880000997,2233.5453935397627,2372.5874410584997,2510.4416601472476,2650.2486652211196,2789.620656853063,2928.1639849608578,3067.0441408737997,3206.2440571362818,3344.9555946061237,3484.0518500173816,3622.8521016487925,3761.7381762665364,3900.76863779238,4040.1500456655112
38,inf,143.4576439051604,283.6755177653818,423.40792816200513,562.9106379886067,702.4198086367985,841.6743450837581,980.9004271806037,1120.0018433291225,1259.6432417986882,1398.489777056893,1537.8214828517634,1677.214120088637,1815.9320500631611,1954.7411005660408,2094.177880000997,2233.5453935397627,2372.5874410584997,2510.4416601472476,2650.2486652211196,2789.620656853063,2928.1639849608578,3067.0441408737997,3206.2440571362818,3344.9555946061237,3484.0518500173816,3622.8521016487925,3761.7381762665364,3900.76863779238,4040.1500456655112
39,inf,143.4576439051604,283.6755177653818,423.40792816200513,562.9106379886067,702.4198086367985,841.6743450837581,980.9004271806037,1120.0018433291225,1259.6432417986882,1398.489777056893,1537.8214828517634,1677.214120088637,1815.9320500631611,1954.7411005660408,2094.177880000997,2233.5453935397627,2372.5874410584997,2510.4416601472476,2650.2486652211196,2789.620656853063,2928.1639849608578,3067.0441408737997,3206.2440571362818,3344.9555946061237,3484.0518500173816,3622.8521016487925,3761.7381762665364,3900.76863779238,4040.1500456655112
40,inf,143.4576439051604,283.6755177653818,423.40792816200513,562.9106379886067,702.4198086367985,841.6743450837581,980.9004271806037,1120.0018433291225,1259.6432417986882,1398.489777056893,1537.8214828517634,1677.214120088637,1815.9320500631611,1954.7411005660408,2094.177880000997,2233.5453935397627,2372.5874410584997,2510.4416601472476,2650.2486652211196,2789.620656853063,2928.1639849608578,3067.0441408737997,3206.2440571362818,3344.9555946061237,3484.0518500173816,3622.8521016487925,3761.7381762665364,3900.76863779238,4040.1500456655112
41,inf,143.4576439051604,283.6755177653818,423.40792816200513,562.9106379886067,702.4198086367985,841.6743450837581,980.9004271806037,1120.0018433291225,1259.6432417986882,1398.489777056893,1537.8214828517634,1677.214120088637,1815.9320500631611,1954.7411005660408,2094.177880000997,2233.5453935397627,2372.5874410584997,2510.4416601472476,2650.2486652211196,2789.620656853063,2928.1639849608578,3067.0441408737997,3206.2440571362818,3344.9555946061237,3484.0518500173816,3622.8521016487925,3761.7381762665364,3900.76863779238,4040.1500456655112
42,inf,143.4576439051604,283.6755177653818,423.40792816200513,562.9106379886067,702.4198086367985,841.6743450837581,980.9004271806037,1120.0018433291225,1259.6432417986882,1398.489777056893,1537.8214828517634,1677.214120088637,1815.9320500631611,1954.7411005660408,2094.177880000997,2233.5453935397627,2372.5874410584997,2510.4416601472476,2650.2486652211196,2789.620656853063,2928.1639849608578,3067.0441408737997,3206.2440571362818,3344.9555946061237,3484.0518500173816,3622.8521016487925,3761.7381762665364,3900.76863779238,4040.1500456655112
43,inf,143.4576439051604,283.6755177653818,423.40792816200513,562.9106379886067,702.4198086367985,841.6743450837581,980.9004271806037,1120.0018433291225,1259.6432417986882,1398.489777056893,1537.8214828517634,1677.214120088637,1815.9320500631611,1954.7411005660408,2094.177880000997,2233.5453935397627,2372.5874410584997,2510.4416601472476,2650.2486652211196,2789.620656853063,2928.1639849608578,3067.0441408737997,3206.2440571362818,3344.9555946061237,3484.0518500173816,3622.8521016487925,3761.7381762665364,3900.76863779238,4040.1500456655112
44,inf,143.4576439051604,283.6755177653818,423.40792816200513,562.9106379886067,702.4198086367985,841.6743450837581,980.9004271806037,1120.0018433291225,1259.6432417986882,1398.489777056893,1537.8214828517634,1677.214120088637,1815.9320500631611,1954.7411005660408,2094.177880000997,2233.5453935397627,2372.5874410584997,2510.4416601472476,2650.2486652211196,2789.620656853063,2928.1639849608578,3067.0441408737997,3206.2440571362818,3344.9555946061237,3484.0518500173816,3622.8521016487925,3761.7381762665364,3900.76863779238,4040.1500456655112
45,inf,143.4576439051604,283.6755177653818,423.40792816200513,562.9106379886067,702.4198086367985,841.6743450837581,980.9004271806037,1120.0018433291225,1259.6432417986882,1398.489777056893,1537.8214828517634,1677.214120088637,1815.9320500631611,1954.7411005660408,2094.177880000997,2233.5453935397627,2372.5874410584997,2510.4416601472476,2650.2486652211196,2789.620656853063,2928.1639849608578,3067.0441408737997,3206.2440571362818,3344.9555946061237,3484.0518500173816,3622.8521016487925,3761.7381762665364,3900.76863779238,4040.1500456655112
46,inf,143.4576439051604,283.6755177653818,423.40792816200513,562.9106379886067,702.4198086367985,841.6743450837581,980.9004271806037,1120.0018433291225,1259.6432417986882,1398.489777056893,1537.8214828517634,1677.214120088637,1815.9320500631611,1954.7411005660408,2094.177880000997,2233.5453935397627,2372.5874410584997,2510.4416601472476,2650.2486652211196,2789.620656853063,2928.1639849608578,3067.0441408737997,3206.2440571362818,3344.9555946061237,3484.0518500173816,3622.8521016487925,3761.7381762665364,3900.76863779238,4040.1500456655112
47,inf,143.4576439051604,283.6755177653818,423.40792816200513,562.9106379886067,702.4198086367985,841.6743450837581,980.9004271806037,1120.0018433291225,1259.6432417986882,1398.489777056893,1537.8214828517634,1677.214120088637,1815.9320500631611,1954.7411005660408,2094.177880000997,2233.5453935397627,2372.5874410584997,2510.4416601472476,2650.2486652211196,2789.620656853063,2928.1639849608578,3067.0441408737997,3206.2440571362818,3344.9555946061237,3484.0518500173816,3622.8521016487925,3761.7381762665364,3900.76863779238,4040.1500456655112
48,inf,143.4576439051604,283.6755177653818,423.40792816200513,562.9106379886067,702.4198086367985,841.6743450837581,980.9004271806037,1120.0018433291225,1259.6432417986882,1398.489777056893,1537.8214828517634,1677.214120088637,1815.9320500631611,1954.7411005660408,2094.177880000997,2233.5453935397627,2372.5874410584997,2510.4416601472476,2650.2486652211196,2789.620656853063,2928.1639849608578,3067.0441408737997,3206.2440571362818,3344.9555946061237,3484.0518500173816,3622.8521016487925,3761.7381762665364,3900.76863779238,4040.1500456655112
49,inf,143.4576439051604,283.6755177653818,423.40792816200513,562.9106379886067,702.4198086367985,841.6743450837581,980.9004271806037,1120.0018433291225,1259.6432417986882,1398.489777056893,1537.8214828517634,1677.214120088637,1815.9320500631611,1954.7411005660408,2094.177880000997,2233.5453935397627,2372.5874410584997,2510.4416601472476,2650.2486652211196,2789.620656853063,2928.1639849608578,3067.0441408737997,3206.2440571362818,3344.9555946061237,3484.0518500173816,3622.8521016487925,3761.7381762665364,3900.76863779238,4040.1500456655112
50,inf,143.4576439051604,283.6755177653818,423.40792816200513,562.9106379886067,702.4198086367985,841.6743450837581,980.9004271806037,1120.0018433291225,1259.6432417986882,1398.489777056893,1537.8214828517634,1677.214120088637,1815.9320500631611,1954.7411005660408,2094.177880000997,2233.5453935397627,2372.5874410584997,2510.4416601472476,2650.2486652211196,2789.620656853063,2928.1639849608578,3067.0441408737997,3206.2440571362818,3344.9555946061237,3484.0518500173816,3622.8521016487925,3761.7381762665364,3900.76863779238,4040.1500456655112
51,inf,143.4576439051604,283.6755177653818,423.40792816200513,562.9106379886067,702.4198086367985,841.6743450837581,980.9004271806037,1120.0018433291225,1259.6432417986882,1398.489777056893,1537.8214828517634,1677.214120088637,1815.9320500631611,1954.7411005660408,2094.177880000997,2233.5453935397627,2372.5874410584997,2510.4416601472476,2650.2486652211196,2789.620656853063,2928.1639849608578,3067.0441408737997,3206.2440571362818,3344.9555946061237,3484.0518500173816,3622.8521016487925,3761.7381762665364,3900.76863779238,4040.1500456655112
52,inf,143.4576439051604,283.6755177653818,423.40792816200513,562.9106379886067,702.4198086367985,841.6743450837581,980.9004271806037,1120.0018433291225,1259.6432417986882,1398.489777056893,1537.8214828517634,1677.214120088637,1815.9320500631611,1954.7411005660408,2094.177880000997,2233.5453935397627,2372.5874410584997,2510.4416601472476,2650.2486652211196,2789.620656853063,2928.1639849608578,3067.0441408737997,3206.2440571362818,3344.9555946061237,3484.0518500173816,3622.8521016487925,3761.7381762665364,3900.76863779238,4040.1500456655112
53,inf,143.4576439051604,283.6755177653818,423.40792816200513,562.9106379886067,702.4198086367985,841.6743450837581,980.9004271806037,1120.0018433291225,1259.6432417986882,1398.489777056893,1537.8214828517634,1677.214120088637,1815.9320500631611,1954.7411005660408,2094.177880000997,2233.5453935397627,2372.5874410584997,2510.4416601472476,2650.2486652211196,2789.620656853063,2928.1639849608578,3067.0441408737997,3206.2440571362818,3344.9555946061237,3484.0518500173816,3622.8521016487925,3761.7381762665364,3900.76863779238,4040.1500456655112
54,inf,143.4576439051604,283.6755177653818,423.40792816200513,562.9106379886067,702.4198086367985,841.6743450837581,980.9004271806037,1120.0018433291225,1259.6432417986882,1398.489777056893,1537.8214828517634,1677.214120088637,1815.9320500631611,1954.7411005660408,2094.177880000997,2233.5453935397627,2372.5874410584997,2510.4416601472476,2650.2486652211196,2789.620656853063,2928.1639849608578,3067.0441408737997,3206.2440571362818,3344.9555946061237,3484.0518500173816,3622.8521016487925,3761.7381762665364,3900.76863779238,4040.1500456655112
55,inf,143.4576439051604,283.6755177653818,423.40792816200513,562.9106379886067,702.4198086367985,841.6743450837581,980.9004271806037,1120.0018433291225,1259.6432417986882,1398.489777056893,1537.8214828517634,1677.214120088637,1815.9320500631611,1954.7411005660408,2094.177880000997,2233.5453935397627,2372.5874410584997,2510.4416601472476,2650.2486652211196,2789.620656853063,2928.1639849608578,3067.0441408737997,3206.2440571362818,3344.9555946061237,3484.0518500173816,3622.8521016487925,3761.7381762665364,3900.76863779238,4040.1500456655112
56,inf,143.4576439051604,283.6755177653818,423.40792816200513,562.9106379886067,702.4198086367985,841.6743450837581,980.9004271806037,1120.0018433291225,1259.6432417986882,1398.489777056893,1537.8214828517634,1677.214120088637,1815.9320500631611,1954.7411005660408,2094.177880000997,2233.5453935397627,2372.5874410584997,2510.4416601472476,2650.2486652211196,2789.620656853063,2928.1639849608578,3067.0441408737997,3206.2440571362818,3344.9555946061237,3484.0518500173816,3622.8521016487925,3761.7381762665364,3900.76863779238,4040.1500456655112
57,inf,143.4576439051604,283.6755177653818,423.40792816200513,562.9106379886067,702.4198086367985,841.6743450837581,980.9004271806037,1120.0018433291225,1259.6432417986882,1398.489777056893,1537.8214828517634,1677.214120088637,1815.9320500631611,1954.7411005660408,2094.177880000997,2233.5453935397627,2372.5874410584997,2510.4416601472476,2650.2486652211196,2789.620656853063,2928.1639849608578,3067.0441408737997,3206.2440571362818,3344.9555946061237,3484.0518500173816,3622.8521016487925,3761.7381762665364,3900.76863779238,4040.1500456655112
58,inf,143.4576439051604,283.6755177653818,423.40792816200513,562.9106379886067,702.4198086367985,841.6743450837581,980.9004271806037,1120.0018433291225,1259.6432417986882,1398.489777056893,1537.8214828517634,1677.214120088637,1815.9320500631611,1954.7411005660408,2094.177880000997,2233.5453935397627,2372.5874410584997,2510.4416601472476,2650.2486652211196,2789.620656853063,2928.1639849608578,3067.0441408737997,3206.2440571362818,3344.9555946061237,3484.0518500173816,3622.8521016487925,3761.7381762665364,3900.76863779238,4040.1500456655112
59,inf,143.4576439051604,283.6755177653818,423.40792816200513,562.9106379886067,702.4198086367985,841.6743450837581,980.9004271806037,1120.0018433291225,1259.6432417986882,1398.489777056893,1537.8214828517634,1677.214120088637,1815.9320500631611,1954.7411005660408,2094.177880000997,2233.5453935397627,2372.5874410584997,2510.4416601472476,2650.2486652211196,2789.620656853063,2928.1639849608578,3067.0441408737997,3206.2440571362818,3344.9555946061237,3484.0518500173816,3622.8521016487925,3761.7381762665364,3900.76863779238,4040.1500456655112
60,inf,143.4576439051604,283.6755177653818,423.40792816200513,562.9106379886067,702.4198086367985,841.6743450837581,980.9004271806037,1120.0018433291225,1259.6432417986882,1398.489777056893,1537.8214828517634,1677.214120088637,1815.9320500631611,1954.7411005660408,2094.177880000997,2233.5453935397627,2372.5874410584997,2510.4416601472476,2650.2486652211196,2789.620656853063,2928.1639849608578,3067.0441408737997,3206.2440571362818,3344.9555946061237,3484.0518500173816,3622.8521016487925,3761.7381762665364,3900.76863779238,4040.1500456655112
61,inf,143.4576439051604,283.6755177653818,423.40792816200513,562.9106379886067,702.4198086367985,841.6743450837581,980.9004271806037,1120.0018433291225,1259.6432417986882,1398.489777056893,1537.8214828517634,1677.214120088637,1815.9320500631611,1954.7411005660408,2094.177880000997,2233.5453935397627,2372.5874410584997,2510.4416601472476,2650.2486652211196,2789.620656853063,2928.1639849608578,3067.0441408737997,3206.2440571362818,3344.9555946061237,3484.0518500173816,3622.8521016487925,3761.7381762665364,3900.76863779238,4040.1500456655112
62,inf,143.4576439051604,283.6755177653818,423.40792816200513,562.9106379886067,702.4198086367985,841.6743450837581,980.9004271806037,1120.0018433291225,1259.6432417986882,1398.489777056893,1537.8214828517634,1677.214120088637,1815.9320500631611,1954.7411005660408,2094.177880000997,2233.5453935397627,2372.5874410584997,2510.4416601472476,2650.2486652211196,2789.620656853063,2928.1639849608578,3067.0441408737997,3206.2440571362818,3344.9555946061237,3484.0518500173816,3622.8521016487925,3761.7381762665364,3900.76863779238,4040.1500456655112
63,inf,143.4576439051604,283.6755177653818,423.40792816200513,562.9106379886067,702.4198086367985,841.6743450837581,980.9004271806037,1120.0018433291225,1259.6432417986882,1398.489777056893,1537.8214828517634,1677.214120088637,1815.9320500631611,1954.7411005660408,2094.177880000997,2233.5453935397627,2372.5874410584997,2510.4416601472476,2650.2486652211196,2789.620656853063,2928.1639849608578,3067.0441408737997,3206.2440571362818,3344.9555946061237,3484.0518500173816,3622.8521016487925,3761.7381762665364,3900.76863779238,4040.1500456655112
64,inf,143.4576439051604,283.6755177653818,423.40792816200513,562.9106379886067,702.4198086367985,841.6743450837581,980.9004271806037,1120.0018433291225,1259.6432417986882,1398.489777056893,1537.8214828517634,1677.214120088637,1815.9320500631611,1954.7411005660408,2094.177880000997,2233.5453935397627,2372.5874410584997,2510.4416601472476,2650.2486652211196,2789.620656853063,2928.1639849608578,3067.0441408737997,3206.2440571362818,3344.9555946061237,3484.0518500173816,3622.8521016487925,3761.7381762665364,3900.76863779238,4040.1500456655112
65,inf,143.4576439051604,283.6755177653818,423.40792816200513,562.9106379886067,702.4198086367985,841.6743450837581,980.9004271806037,1120.0018433291225,1259.6432417986882,1398.489777056893,1537.8214828517634,1677.214120088637,1815.9320500631611,1954.7411005660408,2094.177880000997,2233.5453935397627,2372.5874410584997,2510.4416601472476,2650.2486652211196,2789.620656853063,2928.1639849608578,3067.0441408737997,3206.2440571362818,3344.9555946061237,3484.0518500173816,3622.8521016487925,3761.7381762665364,3900.76863779238,4040.1500456655112
66,inf,143.4576439051604,283.6755177653818,423.40792816200513,562.9106379886067,702.4198086367985,841.6743450837581,980.9004271806037,1120.0018433291225,1259.6432417986882,1398.489777056893,1537.8214828517634,1677.214120088637,1815.9320500631611,1954.7411005660408,2094.177880000997,2233.5453935397627,2372.5874410584997,2510.4416601472476,2650.2486652211196,2789.620656853063,2928.1639849608578,3067.0441408737997,3206.2440571362818,3344.9555946061237,3484.0518500173816,3622.8521016487925,3761.7381762665364,3900.76863779238,4040.1500456655112
67,inf,143.4576439051604,283.6755177653818,423.40792816200513,562.9106379886067,702.4198086367985,841.6743450837581,980.9004271806037,1120.0018433291225,1259.6432417986882,1398.489777056893,1537.8214828517634,1677.214120088637,1815.9320500631611,1954.7411005660408,2094.177880000997,2233.5453935397627,2372.5874410584997,2510.4416601472476,2650.2486652211196,2789.620656853063,2928.1639849608578,3067.0441408737997,3206.2440571362818,3344.9555946061237,3484.0518500173816,3622.8521016487925,3761.7381762665364,3900.76863779238,4040.1500456655112
68,inf,143.4576439051604,283.6755177653818,423.40792816200513,562.9106379886067,702.4198086367985,841.6743450837581,980.9004271806037,1120.0018433291225,1259.6432417986882,1398.489777056893,1537.8214828517634,1677.214120088637,1815.9320500631611,1954.7411005660408,2094.177880000997,2233.5453935397627,2372.5874410584997,2510.4416601472476,2650.2486652211196,2789.620656853063,2928.1639849608578,3067.0441408737997,3206.2440571362818,3344.9555946061237,3484.0518500173816,3622.8521016487925,3761.7381762665364,3900.76863779238,4040.1500456655112
69,inf,143.4576439051604,283.6755177653818,423.40792816200513,562.9106379886067,702.4198086367985,841.6743450837581,980.9004271806037,1120.0018433291225,1259.6432417986882,1398.489777056893,1537.8214828517634,1677.214120088637,1815.9320500631611,1954.7411005660408,2094.177880000997,2233.5453935397627,2372.5874410584997,2510.4416601472476,2650.2486652211196,2789.620656853063,2928.1639849608578,3067.0441408737997,3206.2440571362818,3344.9555946061237,3484.0518500173816,3622.8521016487925,3761.7381762665364,3900.76863779238,4040.1500456655112
70,inf,145.02563250684747,284.84159985130157,424.3768296142567,564.0196856240811,703.3188876038068,842.2924939324265,981.6611068506452,1121.6167039131647,1261.3008108294603,1400.3592983767337,1539.4436226147632,1678.6378324775728,1817.497876596087,1956.4216119652067,2094.811261926878,2234.553835000972,2373.4399166920043,2512.0463341254845,2651.689097413377,2790.0803341367946,2929.1008555617245,3067.419965185981,3206.8075117337908,3345.9864811335688,3484.4826984712236,3623.482327990267,3761.4873874572686,3900.4173355768658,4038.95168355731
71,inf,145.02563250684747,284.84159985130157,424.3768296142567,564.0196856240811,703.3188876038068,842.2924939324265,981.6611068506452,1121.6167039131647,1261.3008108294603,1400.3592983767337,1539.4436226147632,1678.6378324775728,1817.497876596087,1956.4216119652067,2094.811261926878,2234.553835000972,2373.4399166920043,2512.0463341254845,2651.689097413377,2790.0803341367946,2929.1008555617245,3067.419965185981,3206.8075117337908,3345.9864811335688,3484.4826984712236,3623.482327990267,3761.4873874572686,3900.4173355768658,4038.95168355731
72,inf,145.02563250684747,284.84159985130157,424.3768296142567,564.0196856240811,703.3188876038068,842.2924939324265,981.6611068506452,1121.6167039131647,1261.3008108294603,1400.3592983767337,1539.4436226147632,1678.6378324775728,1817.497876596087,1956.4216119652067,2094.811261926878,2234.553835000972,2373.4399166920043,2512.0463341254845,2651.689097413377,2790.0803341367946,2929.1008555617245,3067.419965185981,3206.8075117337908,3345.9864811335688,3484.4826984712236,3623.482327990267,3761.4873874572686,3900.4173355768658,4038.95168355731
73,inf,145.02563250684747,284.84159985130157,424.3768296142567,564.0196856240811,703.3188876038068,842.2924939324265,981.6611068506452,1121.6167039131647,1261.3008108294603,1400.3592983767337,1539.4436226147632,1678.6378324775728,1817.497876596087,1956.4216119652067,2094.811261926878,2234.553835000972,2373.4399166920043,2512.0463341254845,2651.689097413377,2790.0803341367946,2929.1008555617245,3067.419965185981,3206.8075117337908,3345.9864811335688,3484.4826984712236,3623.482327990267,3761.4873874572686,3900.4173355768658,4038.95168355731
74,inf,145.02563250684747,284.84159985130157,424.3768296142567,564.0196856240811,703.3188876038068,842.2924939324265,981.6611068506452,1121.6167039131647,1261.3008108294603,1400.3592983767337,1539.4436226147632,1678.6378324775728,1817.497876596087,1956.4216119652067,2094.811261926878,2234.553835000972,2373.4399166920043,2512.0463341254845,2651.689097413377,2790.0803341367946,2929.1008555617245,3067.419965185981,3206.8075117337908,3345.9864811335688,3484.4826984712236,3623.482327990267,3761.4873874572686,3900.4173355768658,4038.95168355731
75,inf,145.02563250684747,284.84159985130157,424.3768296142567,564.0196856240811,703.3188876038068,842.2924939324265,981.6611068506452,1121.6167039131647,1261.3008108294603,1400.3592983767337,1539.4436226147632,1678.6378324775728,1817.497876596087,1956.4216119652067,2094.811261926878,2234.553835000972,2373.4399166920043,2512.0463341254845,2651.689097413377,2790.0803341367946,2929.1008555617245,3067.419965185981,3206.8075117337908,3345.9864811335688,3484.4826984712236,3623.482327990267,3761.4873874572686,3900.4173355768658,4038.95168355731
76,inf,145.02563250684747,284.84159985130157,424.3768296142567,564.0196856240811,703.3188876038068,842.2924939324265,981.6611068506452,1121.6167039131647,1261.3008108294603,1400.3592983767337,1539.4436226147632,1678.6378324775728,1817.497876596087,1956.4216119652067,2094.811261926878,2234.553835000972,2373.4399166920043,2512.0463341254845,2651.689097413377,2790.0803341367946,2929.1008555617245,3067.419965185981,3206.8075117337908,3345.9864811335688,3484.4826984712236,3623.482327990267,3761.4873874572686,3900.4173355768658,4038.95168355731
77,inf,145.02563250684747,284.84159985130157,424.3768296142567,564.0196856240811,703.3188876038068,842.2924939324265,981.6611068506452,1121.6167039131647,1261.3008108294603,1400.3592983767337,1539.4436226147632,1678.6378324775728,1817.497876596087,1956.4216119652067,2094.811261926878,2234.553835000972,2373.4399166920043,2512.0463341254845,2651.689097413377,2790.0803341367946,2929.1008555617245,3067.419965185981,3206.8075117337908,3345.9864811335688,3484.4826984712236,3623.482327990267,3761.4873874572686,3900.4173355768658,4038.95168355731
78,inf,145.02563250684747,284.84159985130157,424.3768296142567,564.0196856240811,703.3188876038068,842.2924939324265,981.6611068506452,1121.6167039131647,1261.3008108294603,1400.3592983767337,1539.4436226147632,1678.6378324775728,1817.497876596087,1956.4216119652067,2094.811261926878,2234.553835000972,2373.4399166920043,2512.0463341254845,2651.689097413377,2790.0803341367946,2929.1008555617245,3067.419965185981,3206.8075117337908,3345.9864811335688,3484.4826984712236,3623.482327990267,3761.4873874572686,3900.4173355768658,4038.95168355731
79,inf,145.02563250684747,284.84159985130157,424.3768296142567,564.0196856240811,703.3188876038068,842.2924939324265,981.6611068506452,1121.6167039131647,1261.3008108294603,1400.3592983767337,1539.4436226147632,1678.6378324775728,1817.497876596087,1956.4216119652067,2094.811261926878,2234.553835000972,2373.4399166920043,2512.0463341254845,2651.689097413377,2790.0803341367946,2929.1008555617245,3067.419965185981,3206.8075117337908,3345.9864811335688,3484.4826984712236,3623.482327990267,3761.4873874572686,3900.4173355768658,4038.95168355731
80,inf,145.02563250684747,284.84159985130157,424.3768296142567,564.0196856240811,703.3188876038068,842.2924939324265,981.6611068506452,1121.6167039131647,1261.3008108294603,1400.3592983767337,1539.4436226147632,1678.6378324775728,1817.497876596087,1956.4216119652067,2094.811261926878,2234.553835000972,2373.4399166920043,2512.0463341254845,2651.689097413377,2790.0803341367946,2929.1008555617245,3067.419965185981,3206.8075117337908,3345.9864811335688,3484.4826984712236,3623.482327990267,3761.4873874572686,3900.4173355768658,4038.95168355731
81,inf,145.02563250684747,284.84159985130157,424.3768296142567,564.0196856240811,703.3188876038068,842.2924939324265,981.6611068506452,1121.6167039131647,1261.3008108294603,1400.3592983767337,1539.4436226147632,1678.6378324775728,1817.497876596087,1956.4216119652067,2094.811261926878,2234.553835000972,2373.4399166920043,2512.0463341254845,2651.689097413377,2790.0803341367946,2929.1008555617245,3067.419965185981,3206.8075117337908,3345.9864811335688,3484.4826984712236,3623.482327990267,3761.4873874572686,3900.4173355768658,4038.95168355731
82,inf,145.02563250684747,284.84159985130157,424.3768296142567,564.0196856240811,703.3188876038068,842.2924939324265,981.6611068506452,1121.6167039131647,1261.3008108294603,1400.3592983767337,1539.4436226147632,1678.6378324775728,1817.497876596087,1956.4216119652067,2094.811261926878,2234.553835000972,2373.4399166920043,2512.0463341254845,2651.689097413377,2790.0803341367946,2929.1008555617245,3067.419965185981,3206.8075117337908,3345.9864811335688,3484.4826984712236,3623.482327990267,3761.4873874572686,3900.4173355768658,4038.95168355731
83,inf,145.02563250684747,284.84159985130157,424.3768296142567,564.0196856240811,703.3188876038068,842.2924939324265,981.6611068506452,1121.6167039131647,1261.3008108294603,1400.3592983767337,1539.4436226147632,1678.6378324775728,1817.497876596087,1956.4216119652067,2094.811261926878,2234.553835000972,2373.4399166920043,2512.0463341254845,2651.689097413377,2790.0803341367946,2929.1008555617245,3067.419965185981,3206.8075117337908,3345.9864811335688,3484.4826984712236,3623.482327990267,3761.4873874572686,3900.4173355768658,4038.95168355731
84,inf,145.02563250684747,284.84159985130157,424.3768296142567,564.0196856240811,703.3188876038068,842.2924939324265,981.6611068506452,1121.6167039131647,1261.3008108294603,1400.3592983767337,1539.4436226147632,1678.6378324775728,1817.497876596087,1956.4216119652067,2094.811261926878,2234.553835000972,2373.4399166920043,2512.0463341254845,2651.689097413377,2790.0803341367946,2929.1008555617245,3067.419965185981,3206.8075117337908,3345.9864811335688,3484.4826984712236,3623.482327990267,3761.4873874572686,3900.4173355768658,4038.95168355731
85,inf,145.02563250684747,284.84159985130157,424.3768296142567,564.0196856240811,703.3188876038068,842.2924939324265,981.6611068506452,1121.6167039131647,1261.3008108294603,1400.3592983767337,1539.4436226147632,1678.6378324775728,1817.497876596087,1956.4216119652067,2094.811261926878,2234.553835000972,2373.4399166920043,2512.0463341254845,2651.689097413377,2790.0803341367946,2929.1008555617245,3067.419965185981,3206.8075117337908,3345.9864811335688,3484.4826984712236,3623.482327990267,3761.4873874572686,3900.4173355768658,4038.95168355731
86,inf,145.02563250684747,284.84159985130157,424.3768296142567,564.0196856240811,703.3188876038068,842.2924939324265,981.6611068506452,1121.6167039131647,1261.3008108294603,1400.3592983767337,1539.4436226147632,1678.6378324775728,1817.497876596087,1956.4216119652067,2094.811261926878,2234.553835000972,2373.4399166920043,2512.0463341254845,2651.689097413377,2790.0803341367946,2929.1008555617245,3067.419965185981,3206.8075117337908,3345.9864811335688,3484.4826984712236,3623.482327990267,3761.4873874572686,3900.4173355768658,4038.95168355731
87,inf,145.02563250684747,284.84159985130157,424.3768296142567,564.0196856240811,703.3188876038068,842.2924939324265,981.6611068506452,1121.6167039131647,1261.3008108294603,1400.3592983767337,1539.4436226147632,1678.6378324775728,1817.497876596087,1956.4216119652067,2094.811261926878,2234.553835000972,2373.4399166920043,2512.0463341254845,2651.689097413377,2790.0803341367946,2929.1008555617245,3067.419965185981,3206.8075117337908,3345.9864811335688,3484.4826984712236,3623.482327990267,3761.4873874572686,3900.4173355768658,4038.95168355731
88,inf,145.02563250684747,284.84159985130157,424.3768296142567,564.0196856240811,703.3188876038068,842.2924939324265,981.6611068506452,1121.6167039131647,1261.3008108294603,1400.3592983767337,1539.4436226147632,1678.6378324775728,1817.497876596087,1956.4216119652067,2094.811261926878,2234.553835000972,2373.4399166920043,2512.0463341254845,2651.689097413377,2790.0803341367946,2929.1008555617245,3067.419965185981,3206.8075117337908,3345.9864811335688,3484.4826984712236,3623.482327990267,3761.4873874572686,3900.4173355768658,4038.95168355731
89,inf,145.02563250684747,284.84159985130157,424.3768296142567,564.0196856240811,703.3188876038068,842.2924939324265,981.6611068506452,1121.6167039131647,1261.3008108294603,1400.3592983767337,1539.4436226147632,1678.6378324775728,1817.497876596087,1956.4216119652067,2094.811261926878,2234.553835000972,2373.4399166920043,2512.0463341254845,2651.689097413377,2790.0803341367946,2929.1008555617245,3067.419965185981,3206.8075117337908,3345.9864811335688,3484.4826984712236,3623.482327990267,3761.4873874572686,3900.4173355768658,4038.95168355731
90,inf,145.02563250684747,284.84159985130157,424.3768296142567,564.0196856240811,703.3188876038068,842.2924939324265,981.6611068506452,1121.6167039131647,1261.3008108294603,1400.3592983767337,1539.4436226147632,1678.6378324775728,1817.497876596087,1956.4216119652067,2094.811261926878,2234.553835000972,2373.4399166920043,2512.0463341254845,2651.689097413377,2790.0803341367946,2929.1008555617245,3067.419965185981,3206.8075117337908,3345.9864811335688,3484.4826984712236,3623.482327990267,3761.4873874572686,3900.4173355768658,4038.95168355731
91,inf,145.02563250684747,284.84159985130157,424.3768296142567,564.0196856240811,703.3188876038068,842.2924939324265,981.6611068506452,1121.6167039131647,1261.3008108294603,1400.3592983767337,1539.4436226147632,1678.6378324775728,1817.497876596087,1956.4216119652067,2094.811261926878,2234.553835000972,2373.4399166920043,2512.0463341254845,2651.689097413377,2790.0803341367946,2929.1008555617245,3067.419965185981,3206.8075117337908,3345.9864811335688,3484.4826984712236,3623.482327990267,3761.4873874572686,3900.4173355768658,4038.95168355731
92,inf,145.02563250684747,284.84159985130157,424.3768296142567,564.0196856240811,703.3188876038068,842.2924939324265,981.6611068506452,1121.6167039131647,1261.3008108294603,1400.3592983767337,1539.4436226147632,1678.6378324775728,1817.497876596087,1956.4216119652067,2094.811261926878,2234.553835000972,2373.4399166920043,2512.0463341254845,2651.689097413377,2790.0803341367946,2929.1008555617245,3067.419965185981,3206.8075117337908,3345.9864811335688,3484.4826984712236,3623.482327990267,3761.4873874572686,3900.4173355768658,4038.95168355731
93,inf,145.02563250684747,284.84159985130157,424.3768296142567,564.0196856240811,703.3188876038068,842.2924939324265,981.6611068506452,1121.6167039131647,1261.3008108294603,1400.3592983767337,1539.4436226147632,1678.6378324775728,1817.497876596087,1956.4216119652067,2094.811261926878,2234.553835000972,2373.4399166920043,2512.0463341254845,2651.689097413377,2790.0803341367946,2929.1008555617245,3067.419965185981,3206.8075117337908,3345.9864811335688,3484.4826984712236,3623.482327990267,3761.4873874572686,3900.4173355768658,4038.95168355731
94,inf,145.02563250684747,284.84159985130157,424.3768296142567,564.0196856240811,703.3188876038068,842.2924939324265,981.6611068506452,1121.6167039131647,1261.3008108294603,1400.3592983767337,1539.4436226147632,1678.6378324775728,1817.497876596087,1956.4216119652067,2094.811261926878,2234.553835000972,2373.4399166920043,2512.0463341254845,2651.689097413377,2790.0803341367946,2929.1008555617245,3067.419965185981,3206.8075117337908,3345.9864811335688,3484.4826984712236,3623.482327990267,3761.4873874572686,3900.4173355768658,4038.95168355731
95,inf,145.02563250684747,284.84159985130157,424.3768296142567,564.0196856240811,703.3188876038068,842.2924939324265,981.6611068506452,1121.6167039131647,1261.3008108294603,1400.3592983767337,1539.4436226147632,1678.6378324775728,1817.497876596087,1956.4216119652067,2094.811261926878,2234.553835000972,2373.4399166920043,2512.0463341254845,2651.689097413377,2790.0803341367946,2929.1008555617245,3067.419965185981,3206.8075117337908,3345.9864811335688,3484.4826984712236,3623.482327990267,3761.4873874572686,3900.4173355768658,4038.95168355731
96,inf,145.02563250684747,284.84159985130157,424.3768296142567,564.0196856240811,703.3188876038068,842.2924939324265,981.6611068506452,1121.6167039131647,1261.3008108294603,1400.3592983767337,1539.4436226147632,1678.6378324775728,1817.497876596087,1956.4216119652067,2094.811261926878,2234.553835000972,2373.4399166920043,2512.0463341254845,2651.689097413377,2790.0803341367946,2929.1008555617245,3067.419965185981,3206.8075117337908,3345.9864811335688,3484.4826984712236,3623.482327990267,3761.4873874572686,3900.4173355768658,4038.95168355731
97,inf,145.02563250684747,284.84159985130157,424.3768296142567,564.0196856240811,703.3188876038068,842.2924939324265,981.6611068506452,1121.6167039131647,1261.3008108294603,1400.3592983767337,1539.4436226147632,1678.6378324775728,1817.497876596087,1956.4216119652067,2094.811261926878,2234.553835000972,2373.4399166920043,2512.0463341254845,2651.689097413377,2790.0803341367946,2929.1008555617245,3067.419965185981,3206.8075117337908,3345.9864811335688,3484.4826984712236,3623.482327990267,3761.4873874572686,3900.4173355768658,4038.95168355731
98,inf,145.02563250684747,284.84159985130157,424.3768296142567,564.0196856240811,703.3188876038068,842.2924939324265,981.6611068506452,1121.6167039131647,1261.3008108294603,1400.3592983767337,1539.4436226147632,1678.6378324775728,1817.497876596087,1956.4216119652067,2094.811261926878,2234.553835000972,2373.4399166920043,2512.0463341254845,2651.689097413377,2790.0803341367946,2929.1008555617245,3067.419965185981,3206.8075117337908,3345.9864811335688,3484.4826984712236,3623.482327990267,3761.4873874572686,3900.4173355768658,4038.95168355731
99,inf,145.02563250684747,284.84159985130157,424.3768296142567,564.0196856240811,703.3188876038068,842.2924939324265,981.6611068506452,1121.6167039131647,1261.3008108294603,1400.3592983767337,1539.4436226147632,1678.6378324775728,1817.497876596087,1956.4216119652067,2094.811261926878,2234.553835000972,2373.4399166920043,2512.0463341254845,2651.689097413377,2790.0803341367946,2929.1008555617245,3067.419965185981,3206.8075117337908,3345.9864811335688,3484.4826984712236,3623.482327990267,3761.4873874572686,3900.4173355768658,4038.95168355731
0,inf,289.574557811971,565.5660829773806,843.7364200986738,1123.1575563712981,1403.2599267842945,1681.7069491657217,1960.6050919822667,2239.4491715413037,2516.74555197586,2793.8768323002087,3073.06856748014,3351.2183780183077,3629.4014047632563,3907.9112824753474,4185.772024916579,4464.453225342792,4741.995802396817,5020.866240483785,inf,inf,inf,inf,inf,inf,inf,inf,inf,inf,inf
1,inf,289.574557811971,565.5660829773806,843.7364200986738,1123.1575563712981,1403.2599267842945,1681.7069491657217,1960.6050919822667,2239.4491715413037,2516.74555197586,2793.8768323002087,3073.06856748014,3351.2183780183077,3629.4014047632563,3907.9112824753474,4185.772024916579,4464.453225342792,4741.995802396817,5020.866240483785,inf,inf,inf,inf,inf,inf,inf,inf,inf,inf,inf
2,inf,289.574557811971,565.5660829773806,843.7364200986738,1123.1575563712981,1403.2599267842945,1681.7069491657217,1960.6050919822667,2239.4491715413037,2516.74555197586,2793.8768323002087,3073.06856748014,3351.2183780183077,3629.4014047632563,3907.9112824753474,4185.772024916579,4464.453225342792,4741.995802396817,5020.866240483785,inf,inf,inf,inf,inf,inf,inf,inf,inf,inf,inf
3,inf,289.574557811971,565.5660829773806,843.7364200986738,1123.1575563712981,1403.2599267842945,1681.7069491657217,1960.6050919822667,2239.4491715413037,2516.74555197586,2793.8768323002087,3073.06856748014,3351.2183780183077,3629.4014047632563,3907.9112824753474,4185.772024916579,4464.453225342792,4741.995802396817,5020.866240483785,inf,inf,inf,inf,inf,inf,inf,inf,inf,inf,inf
4,inf,289.574557811971,565.5660829773806,843.7364200986738,1123.1575563712981,1403.2599267842945,1681.7069491657217,1960.6050919822667,2239.4491715413037,2516.74555197586,2793.8768323002087,3073.06856748014,3351.2183780183077,3629.4014047632563,3907.9112824753474,4185.772024916579,4464.453225342792,4741.995802396817,5020.866240483785,inf,inf,inf,inf,inf,inf,inf,inf,inf,inf,inf
5,inf,289.574557811971,565.5660829773806,843.7364200986738,1123.1575563712981,1403.2599267842945,1681.7069491657217,1960.6050919822667,2239.4491715413037,2516.74555197586,2793.8768323002087,3073.06856748014,3351.2183780183077,3629.4014047632563,3907.9112824753474,4185.772024916579,4464.453225342792,4741.995802396817,5020.866240483785,inf,inf,inf,inf,inf,inf,inf,inf,inf,inf,inf
6,inf,289.574557811971,565.5660829773806,843.7364200986738,1123.1575563712981,1403.2599267842945,1681.7069491657217,1960.6050919822667,2239.4491715413037,2516.74555197586,2793.8768323002087,3073.06856748014,3351.2183780183077,3629.4014047632563,3907.9112824753474,4185.772024916579,4464.453225342792,4741.995802396817,5020.866240483785,inf,inf,inf,inf,inf,inf,inf,inf,inf,inf,inf
7,inf,289.574557811971,565.5660829773806,843.7364200986738,1123.1575563712981,1403.2599267842945,1681.7069491657217,1960.6050919822667,2239.4491715413037,2516.74555197586,2793.8768323002087,3073.06856748014,3351.2183780183077,3629.4014047632563,3907.9112824753474,4185.772024916579,4464.453225342792,4741.995802396817,5020.866240483785,inf,inf,inf,inf,inf,inf,inf,inf,inf,inf,inf
8,inf,289.574557811971,565.5660829773806,843.7364200986738,1123.1575563712981,1403.2599267842945,1681.7069491657217,1960.6050919822667,2239.4491715413037,2516.74555197586,2793.8768323002087,3073.06856748014,3351.2183780183077,3629.4014047632563,3907.9112824753474,4185.772024916579,4464.453225342792,4741.995802396817,5020.866240483785,inf,inf,inf,inf,inf,inf,inf,inf,inf,inf,inf
9,inf,289.574557811971,565.5660829773806,843.7364200986738,1123.1575563712981,1403.2599267842945,1681.7069491657217,1960.6050919822667,2239.4491715413037,2516.74555197586,2793.8768323002087,3073.06856748014,3351.2183780183077,3629.4014047632563,3907.9112824753474,4185.772024916579,4464.453225342792,4741.995802396817,5020.866240483785,inf,inf,inf,inf,inf,inf,inf,inf,inf,inf,inf
10,inf,289.574557811971,565.5660829773806,843.7364200986738,1123.1575563712981,1403.2599267842945,1681.7069491657217,1960.6050919822667,2239.4491715413037,2516.74555197586,2793.8768323002087,3073.06856748014,3351.2183780183077,3629.4014047632563,3907.9112824753474,4185.772024916579,4464.453225342792,4741.995802396817,5020.866240483785,inf,inf,inf,inf,inf,inf,inf,inf,inf,inf,inf
11,inf,289.574557811971,565.5660829773806,843.7364200986738,1123.1575563712981,1403.2599267842945,1681.7069491657217,1960.6050919822667,2239.4491715413037,2516.74555197586,2793.8768323002087,3073.06856748014,3351.2183780183077,3629.4014047632563,3907.9112824753474,4185.772024916579,4464.453225342792,4741.995802396817,5020.866240483785,inf,inf,inf,inf,inf,inf,inf,inf,inf,inf,inf
12,inf,289.574557811971,565.5660829773806,843.7364200986738,1123.1575563712981,1403.2599267842945,1681.7069491657217,1960.6050919822667,2239.4491715413037,2516.74555197586,2793.8768323002087,3073.06856748014,3351.2183780183077,3629.4014047632563,3907.9112824753474,4185.772024916579,4464.453225342792,4741.995802396817,5020.866240483785,inf,inf,inf,inf,inf,inf,inf,inf,inf,inf,inf
13,inf,289.574557811971,565.5660829773806,843.7364200986738,1123.1575563712981,1403.2599267842945,1681.7069491657217,1960.6050919822667,2239.4491715413037,2516.74555197586,2793.8768323002087,3073.06856748014,3351.2183780183077,3629.4014047632563,3907.9112824753474,4185.772024916579,4464.453225342792,4741.995802396817,5020.866240483785,inf,inf,inf,inf,inf,inf,inf,inf,inf,inf,inf
14,inf,289.574557811971,565.5660829773806,843.7364200986738,1123.1575563712981,1403.2599267842945,1681.7069491657217,1960.6050919822667,2239.4491715413037,2516.74555197586,2793.8768323002087,3073.06856748014,3351.2183780183077,3629.4014047632563,3907.9112824753474,4185.772024916579,4464.453225342792,4741.995802396817,5020.866240483785,inf,inf,inf,inf,inf,inf,inf,inf,inf,inf,inf
15,inf,289.574557811971,565.5660829773806,843.7364200986738,1123.1575563712981,1403.2599267842945,1681.7069491657217,1960.6050919822667,2239.4491715413037,2516.74555197586,2793.8768323002087,3073.06856748014,3351.2183780183077,3629.4014047632563,3907.9112824753474,4185.772024916579,4464.453225342792,4741.995802396817,5020.866240483785,inf,inf,inf,inf,inf,inf,inf,inf,inf,inf,inf
16,inf,289.574557811971,565.5660829773806,843.7364200986738,1123.1575563712981,1403.2599267842945,1681.7069491657217,1960.6050919822667,2239.4491715413037,2516.74555197586,2793.8768323002087,3073.06856748014,3351.2183780183077,3629.4014047632563,3907.9112824753474,4185.772024916579,4464.453225342792,4741.995802396817,5020.866240483785,inf,inf,inf,inf,inf,inf,inf,inf,inf,inf,inf
17,inf,289.574557811971,565.5660829773806,843.7364200986738,1123.1575563712981,1403.2599267842945,1681.7069491657217,1960.6050919822667,2239.4491715413037,2516.74555197586,2793.8768323002087,3073.06856748014,3351.2183780183077,3629.4014047632563,3907.9112824753474,4185.772024916579,4464.453225342792,4741.995802396817,5020.866240483785,inf,inf,inf,inf,inf,inf,inf,inf,inf,inf,inf
18,inf,289.574557811971,565.5660829773806,843.7364200986738,1123.1575563712981,1403.2599267842945,1681.7069491657217,1960.6050919822667,2239.4491715413037,2516.74555197586,2793.8768323002087,3073.06856748014,3351.2183780183077,3629.4014047632563,3907.9112824753474,4185.772024916579,4464.453225342792,4741.995802396817,5020.866240483785,inf,inf,inf,inf,inf,inf,inf,inf,inf,inf,inf
19,inf,289.574557811971,565.5660829773806,843.7364200986738,1123.1575563712981,1403.2599267842945,1681.7069491657217,1960.6050919822667,2239.4491715413037,2516.74555197586,2793.8768323002087,3073.06856748014,3351.2183780183077,3629.4014047632563,3907.9112824753474,4185.772024916579,4464.453225342792,4741.995802396817,5020.866240483785,inf,inf,inf,inf,inf,inf,inf,inf,inf,inf,inf
20,inf,289.574557811971,565.5660829773806,843.7364200986738,1123.1575563712981,1403.2599267842945,1681.7069491657217,1960.6050919822667,2239.4491715413037,2516.74555197586,2793.8768323002087,3073.06856748014,3351.2183780183077,3629.4014047632563,3907.9112824753474,4185.772024916579,4464.453225342792,4741.995802396817,5020.866240483785,inf,inf,inf,inf,inf,inf,inf,inf,inf,inf,inf
21,inf,289.574557811971,565.5660829773806,843.7364200986738,1123.1575563712981,1403.2599267842945,1681.7069491657217,1960.6050919822667,2239.4491715413037,2516.74555197586,2793.8768323002087,3073.06856748014,3351.2183780183077,3629.4014047632563,3907.9112824753474,4185.772024916579,4464.453225342792,4741.995802396817,5020.866240483785,inf,inf,inf,inf,inf,inf,inf,inf,inf,inf,inf
22,inf,289.574557811971,565.5660829773806,843.7364200986738,1123.1575563712981,1403.2599267842945,1681.7069491657217,1960.6050919822667,2239.4491715413037,2516.74555197586,2793.8768323002087,3073.06856748014,3351.2183780183077,3629.4014047632563,3907.9112824753474,4185.772024916579,4464.453225342792,4741.995802396817,5020.866240483785,inf,inf,inf,inf,inf,inf,inf,inf,inf,inf,inf
23,inf,289.574557811971,565.5660829773806,843.7364200986738,1123.1575563712981,1403.2599267842945,1681.7069491657217,1960.6050919822667,2239.4491715413037,2516.74555197586,2793.8768323002087,3073.06856748014,3351.2183780183077,3629.4014047632563,3907.9112824753474,4185.772024916579,4464.453225342792,4741.995802396817,5020.866240483785,inf,inf,inf,inf,inf,inf,inf,inf,inf,inf,inf
24,inf,289.574557811971,565.5660829773806,843.7364200986738,1123.1575563712981,1403.2599267842945,1681.7069491657217,1960.6050919822667,2239.4491715413037,2516.74555197586,2793.8768323002087,3073.06856748014,3351.2183780183077,3629.4014047632563,3907.9112824753474,4185.772024916579,4464.453225342792,4741.995802396817,5020.866240483785,inf,inf,inf,inf,inf,inf,inf,inf,inf,inf,inf
25,inf,289.574557811971,565.5660829773806,843.7364200986738,1123.1575563712981,1403.2599267842945,1681.7069491657217,1960.6050919822667,2239.4491715413037,2516.74555197586,2793.8768323002087,3073.06856748014,3351.2183780183077,3629.4014047632563,3907.9112824753474,4185.772024916579,4464.453225342792,4741.995802396817,5020.866240483785,inf,inf,inf,inf,inf,inf,inf,inf,inf,inf,inf
26,inf,289.574557811971,565.5660829773806,843.7364200986738,1123.1575563712981,1403.2599267842945,1681.7069491657217,1960.6050919822667,2239.4491715413037,2516.74555197586,2793.8768323002087,3073.06856748014,3351.2183780183077,3629.4014047632563,3907.9112824753474,4185.772024916579,4464.453225342792,4741.995802396817,5020.866240483785,inf,inf,inf,inf,inf,inf,inf,inf,inf,inf,inf
27,inf,289.574557811971,565.5660829773806,843.7364200986738,1123.1575563712981,1403.2599267842945,1681.7069491657217,1960.6050919822667,2239.4491715413037,2516.74555197586,2793.8768323002087,3073.06856748014,3351.2183780183077,3629.4014047632563,3907.9112824753474,4185.772024916579,4464.453225342792,4741.995802396817,5020.866240483785,inf,inf,inf,inf,inf,inf,inf,inf,inf,inf,inf
28,inf,289.574557811971,565.5660829773806,843.7364200986738,1123.1575563712981,1403.2599267842945,1681.7069491657217,1960.6050919822667,2239.4491715413037,2516.74555197586,2793.8768323002087,3073.06856748014,3351.2183780183077,3629.4014047632563,3907.9112824753474,4185.772024916579,4464.453225342792,4741.995802396817,5020.866240483785,inf,inf,inf,inf,inf,inf,inf,inf,inf,inf,inf
29,inf,289.574557811971,565.5660829773806,843.7364200986738,1123.1575563712981,1403.2599267842945,1681.7069491657217,1960.6050919822667,2239.4491715413037,2516.74555197586,2793.8768323002087,3073.06856748014,3351.2183780183077,3629.4014047632563,3907.9112824753474,4185.772024916579,4464.453225342792,4741.995802396817,5020.866240483785,inf,inf,inf,inf,inf,inf,inf,inf,inf,inf,inf
30,inf,289.574557811971,565.5660829773806,843.7364200986738,1123.1575563712981,1403.2599267842945,1681.7069491657217,1960.6050919822667,2239.4491715413037,2516.74555197586,2793.8768323002087,3073.06856748014,3351.2183780183077,3629.4014047632563,3907.9112824753474,4185.772024916579,4464.453225342792,4741.995802396817,5020.866240483785,inf,inf,inf,inf,inf,inf,inf,inf,inf,inf,inf
31,inf,289.574557811971,565.5660829773806,843.7364200986738,1123.1575563712981,1403.2599267842945,1681.7069491657217,1960.6050919822667,2239.4491715413037,2516.74555197586,2793.8768323002087,3073.06856748014,3351.2183780183077,3629.4014047632563,3907.9112824753474,4185.772024916579,4464.453225342792,4741.995802396817,5020.866240483785,inf,inf,inf,inf,inf,inf,inf,inf,inf,inf,inf
32,inf,289.574557811971,565.5660829773806,843.7364200986738,1123.1575563712981,1403.2599267842945,1681.7069491657217,1960.6050919822667,2239.4491715413037,2516.74555197586,2793.8768323002087,3073.06856748014,3351.2183780183077,3629.4014047632563,3907.9112824753474,4185.772024916579,4464.453225342792,4741.995802396817,5020.866240483785,inf,inf,inf,inf,inf,inf,inf,inf,inf,inf,inf
33,inf,289.574557811971,565.5660829773806,843.7364200986738,1123.1575563712981,1403.2599267842945,1681.7069491657217,1960.6050919822667,2239.4491715413037,2516.74555197586,2793.8768323002087,3073.06856748014,3351.2183780183077,3629.4014047632563,3907.9112824753474,4185.772024916579,4464.453225342792,4741.995802396817,5020.866240483785,inf,inf,inf,inf,inf,inf,inf,inf,inf,inf,inf
34,inf,289.574557811971,565.5660829773806,843.7364200986738,1123.1575563712981,1403.2599267842945,1681.7069491657217,1960.6050919822667,2239.4491715413037,2516.74555197586,2793.8768323002087,3073.06856748014,3351.2183780183077,3629.4014047632563,3907.9112824753474,4185.772024916579,4464.453225342792,4741.995802396817,5020.866240483785,inf,inf,inf,inf,inf,inf,inf,inf,inf,inf,inf
35,inf,286.86661251198353,566.6100612214741,845.3237973982962,1125.7610518514039,1404.2601139080316,1682.747964588052,1961.1731667638653,2239.758940567278,2517.7497062409375,2796.676333890036,3075.1370540636112,3352.734244660422,3631.2216469083733,3909.786961226871,4188.142315884918,4466.229547571569,4743.669566856426,5021.346695062965,inf,inf,inf,inf,inf,inf,inf,inf,inf,inf,inf
36,inf,286.86661251198353,566.6100612214741,845.3237973982962,1125.7610518514039,1404.2601139080316,1682.747964588052,1961.1731667638653,2239.758940567278,2517.7497062409375,2796.676333890036,3075.1370540636112,3352.734244660422,3631.2216469083733,3909.786961226871,4188.142315884918,4466.229547571569,4743.669566856426,5021.346695062965,inf,inf,inf,inf,inf,inf,inf,inf,inf,inf,inf
37,inf,286.86661251198353,566.6100612214741,845.3237973982962,1125.7610518514039,1404.2601139080316,1682.747964588052,1961.1731667638653,2239.758940567278,2517.7497062409375,2796.676333890036,3075.1370540636112,3352.734244660422,3631.2216469083733,3909.786961226871,4188.142315884918,4466.229547571569,4743.669566856426,5021.346695062965,inf,inf,inf,inf,inf,inf,inf,inf,inf,inf,inf
38,inf,286.86661251198353,566.6100612214741,845.3237973982962,1125.7610518514039,1404.2601139080316,1682.747964588052,1961.1731667638653,2239.758940567278,2517.7497062409375,2796.676333890036,3075.1370540636112,3352.734244660422,3631.2216469083733,3909.786961226871,4188.142315884918,4466.229547571569,4743.669566856426,5021.346695062965,inf,inf,inf,inf,inf,inf,inf,inf,inf,inf,inf
39,inf,286.86661251198353,566.6100612214741,845.3237973982962,1125.7610518514039,1404.2601139080316,1682.747964588052,1961.1731667638653,2239.758940567278,2517.7497062409375,2796.676333890036,3075.1370540636112,3352.734244660422,3631.2216469083733,3909.786961226871,4188.142315884918,4466.229547571569,4743.669566856426,5021.346695062965,inf,inf,inf,inf,inf,inf,inf,inf,inf,inf,inf
40,inf,286.86661251198353,566.6100612214741,845.3237973982962,1125.7610518514039,1404.2601139080316,1682.747964588052,1961.1731667638653,2239.758940567278,2517.7497062409375,2796.676333890036,3075.1370540636112,3352.734244660422,3631.2216469083733,3909.786961226871,4188.142315884918,4466.229547571569,4743.669566856426,5021.346695062965,inf,inf,inf,inf,inf,inf,inf,inf,inf,inf,inf
41,inf,286.86661251198353,566.6100612214741,845.3237973982962,1125.7610518514039,1404.2601139080316,1682.747964588052,1961.1731667638653,2239.758940567278,2517.7497062409375,2796.676333890036,3075.1370540636112,3352.734244660422,3631.2216469083733,3909.786961226871,4188.142315884918,4466.229547571569,4743.669566856426,5021.346695062965,inf,inf,inf,inf,inf,inf,inf,inf,inf,inf,inf
42,inf,286.86661251198353,566.6100612214741,845.3237973982962,1125.7610518514039,1404.2601139080316,1682.747964588052,1961.1731667638653,2239.758940567278,2517.7497062409375,2796.676333890036,3075.1370540636112,3352.734244660422,3631.2216469083733,3909.786961226871,4188.142315884918,4466.229547571569,4743.669566856426,5021.346695062965,inf,inf,inf,inf,inf,inf,inf,inf,inf,inf,inf
43,inf,286.86661251198353,566.6100612214741,845.3237973982962,1125.7610518514039,1404.2601139080316,1682.747964588052,1961.1731667638653,2239.758940567278,2517.7497062409375,2796.676333890036,3075.1370540636112,3352.734244660422,3631.2216469083733,3909.786961226871,4188.142315884918,4466.229547571569,4743.669566856426,5021.346695062965,inf,inf,inf,inf,inf,inf,inf,inf,inf,inf,inf
44,inf,286.86661251198353,566.6100612214741,845.3237973982962,1125.7610518514039,1404.2601139080316,1682.747964588052,1961.1731667638653,2239.758940567278,2517.7497062409375,2796.676333890036,3075.1370540636112,3352.734244660422,3631.2216469083733,3909.786961226871,4188.142315884918,4466.229547571569,4743.669566856426,5021.346695062965,inf,inf,inf,inf,inf,inf,inf,inf,inf,inf,inf
45,inf,286.86661251198353,566.6100612214741,845.3237973982962,1125.7610518514039,1404.2601139080316,1682.747964588052,1961.1731667638653,2239.758940567278,2517.7497062409375,2796.676333890036,3075.1370540636112,3352.734244660422,3631.2216469083733,3909.786961226871,4188.142315884918,4466.229547571569,4743.669566856426,5021.346695062965,inf,inf,inf,inf,inf,inf,inf,inf,inf,inf,inf
46,inf,286.86661251198353,566.6100612214741,845.3237973982962,1125.7610518514039,1404.2601139080316,1682.747964588052,1961.1731667638653,2239.758940567278,2517.7497062409375,2796.676333890036,3075.1370540636112,3352.734244660422,3631.2216469083733,3909.786961226871,4188.142315884918,4466.229547571569,4743.669566856426,5021.346695062965,inf,inf,inf,inf,inf,inf,inf,inf,inf,inf,inf
47,inf,286.86661251198353,566.6100612214741,845.3237973982962,1125.7610518514039,1404.2601139080316,1682.747964588052,1961.1731667638653,2239.758940567278,2517.7497062409375,2796.676333890036,3075.1370540636112,3352.734244660422,3631.2216469083733,3909.786961226871,4188.142315884918,4466.229547571569,4743.669566856426,5021.346695062965,inf,inf,inf,inf,inf,inf,inf,inf,inf,inf,inf
48,inf,286.86661251198353,566.6100612214741,845.3237973982962,1125.7610518514039,1404.2601139080316,1682.747964588052,1961.1731667638653,2239.758940567278,2517.7497062409375,2796.676333890036,3075.1370540636112,3352.734244660422,3631.2216469083733,3909.786961226871,4188.142315884918,4466.229547571569,4743.669566856426,5021.346695062965,inf,inf,inf,inf,inf,inf,inf,inf,inf,inf,inf
49,inf,286.86661251198353,566.6100612214741,845.3237973982962,1125.7610518514039,1404.2601139080316,1682.747964588052,1961.1731667638653,2239.758940567278,2517.7497062409375,2796.676333890036,3075.1370540636112,3352.734244660422,3631.2216469083733,3909.786961226871,4188.142315884918,4466.229547571569,4743.669566856426,5021.346695062965,inf,inf,inf,inf,inf,inf,inf,inf,inf,inf,inf
50,inf,286.86661251198353,566.6100612214741,845.3237973982962,1125.7610518514039,1404.2601139080316,1682.747964588052,1961.1731667638653,2239.758940567278,2517.7497062409375,2796.676333890036,3075.1370540636112,3352.734244660422,3631.2216469083733,3909.786961226871,4188.142315884918,4466.229547571569,4743.669566856426,5021.346695062965,inf,inf,inf,inf,inf,inf,inf,inf,inf,inf,inf
51,inf,286.86661251198353,566.6100612214741,845.3237973982962,1125.7610518514039,1404.2601139080316,1682.747964588052,1961.1731667638653,2239.758940567278,2517.7497062409375,2796.676333890036,3075.1370540636112,3352.734244660422,3631.2216469083733,3909.786961226871,4188.142315884918,4466.229547571569,4743.669566856426,5021.346695062965,inf,inf,inf,inf,inf,inf,inf,inf,inf,inf,inf
52,inf,286.86661251198353,566.6100612214741,845.3237973982962,1125.7610518514039,1404.2601139080316,1682.747964588052,1961.1731667638653,2239.758940567278,2517.7497062409375,2796.676333890036,3075.1370540636112,3352.734244660422,3631.2216469083733,3909.786961226871,4188.142315884918,4466.229547571569,4743.669566856426,5021.346695062965,inf,inf,inf,inf,inf,inf,inf,inf,inf,inf,inf
53,inf,286.86661251198353,566.6100612214741,845.3237973982962,1125.7610518514039,1404.2601139080316,1682.747964588052,1961.1731667638653,2239.758940567278,2517.7497062409375,2796.676333890036,3075.1370540636112,3352.734244660422,3631.2216469083733,3909.786961226871,4188.142315884918,4466.229547571569,4743.669566856426,5021.346695062965,inf,inf,inf,inf,inf,inf,inf,inf,inf,inf,inf
54,inf,286.86661251198353,566.6100612214741,845.3237973982962,1125.7610518514039,1404.2601139080316,1682.747964588052,1961.1731667638653,2239.758940567278,2517.7497062409375,2796.676333890036,3075.1370540636112,3352.734244660422,3631.2216469083733,3909.786961226871,4188.142315884918,4466.229547571569,4743.669566856426,5021.346695062965,inf,inf,inf,inf,inf,inf,inf,inf,inf,inf,inf
55,inf,286.86661251198353,566.6100612214741,845.3237973982962,1125.7610518514039,1404.2601139080316,1682.747964588052,1961.1731667638653,2239.758940567278,2517.7497062409375,2796.676333890036,3075.1370540636112,3352.734244660422,3631.2216469083733,3909.786961226871,4188.142315884918,4466.229547571569,4743.669566856426,5021.346695062965,inf,inf,inf,inf,inf,inf,inf,inf,inf,inf,inf
56,inf,286.86661251198353,566.6100612214741,845.3237973982962,1125.7610518514039,1404.2601139080316,1682.747964588052,1961.1731667638653,2239.758940567278,2517.7497062409375,2796.676333890036,3075.1370540636112,3352.734244660422,3631.2216469083733,3909.786961226871,4188.142315884918,4466.229547571569,4743.669566856426,5021.346695062965,inf,inf,inf,inf,inf,inf,inf,inf,inf,inf,inf
57,inf,286.86661251198353,566.6100612214741,845.3237973982962,1125.7610518514039,1404.2601139080316,1682.747964588052,1961.1731667638653,2239.758940567278,2517.7497062409375,2796.676333890036,3075.1370540636112,3352.734244660422,3631.2216469083733,3909.786961226871,4188.142315884918,4466.229547571569,4743.669566856426,5021.346695062965,inf,inf,inf,inf,inf,inf,inf,inf,inf,inf,inf
58,inf,286.86661251198353,566.6100612214741,845.3237973982962,1125.7610518514039,1404.2601139080316,1682.747964588052,1961.1731667638653,2239.758940567278,2517.7497062409375,2796.676333890036,3075.1370540636112,3352.734244660422,3631.2216469083733,3909.786961226871,4188.142315884918,4466.229547571569,4743.669566856426,5021.346695062965,inf,inf,inf,inf,inf,inf,inf,inf,inf,inf,inf
59,inf,286.86661251198353,566.6100612214741,845.3237973982962,1125.7610518514039,1404.2601139080316,1682.747964588052,1961.1731667638653,2239.758940567278,2517.7497062409375,2796.676333890036,3075.1370540636112,3352.734244660422,3631.2216469083733,3909.786961226871,4188.142315884918,4466.229547571569,4743.669566856426,5021.346695062965,inf,inf,inf,inf,inf,inf,inf,inf,inf,inf,inf
60,inf,286.86661251198353,566.6100612214741,845.3237973982962,1125.7610518514039,1404.2601139080316,1682.747964588052,1961.1731667638653,2239.758940567278,2517.7497062409375,2796.676333890036,3075.1370540636112,3352.734244660422,3631.2216469083733,3909.786961226871,4188.142315884918,4466.229547571569,4743.669566856426,5021.346695062965,inf,inf,inf,inf,inf,inf,inf,inf,inf,inf,inf
61,inf,286.86661251198353,566.6100612214741,845.3237973982962,1125.7610518514039,1404.2601139080316,1682.747964588052,1961.1731667638653,2239.758940567278,2517.7497062409375,2796.676333890036,3075.1370540636112,3352.734244660422,3631.2216469083733,3909.786961226871,4188.142315884918,4466.229547571569,4743.669566856426,5021.346695062965,inf,inf,inf,inf,inf,inf,inf,inf,inf,inf,inf
62,inf,286.86661251198353,566.6100612214741,845.3237973982962,1125.7610518514039,1404.2601139080316,1682.747964588052,1961.1731667638653,2239.758940567278,2517.7497062409375,2796.676333890036,3075.1370540636112,3352.734244660422,3631.2216469083733,3909.786961226871,4188.142315884918,4466.229547571569,4743.669566856426,5021.346695062965,inf,inf,inf,inf,inf,inf,inf,inf,inf,inf,inf
63,inf,286.86661251198353,566.6100612214741,845.3237973982962,1125.7610518514039,1404.2601139080316,1682.747964588052,1961.1731667638653,2239.758940567278,2517.7497062409375,2796.676333890036,3075.1370540636112,3352.734244660422,3631.2216469083733,3909.786961226871,4188.142315884918,4466.229547571569,4743.669566856426,5021.346695062965,inf,inf,inf,inf,inf,inf,inf,inf,inf,inf,inf
64,inf,286.86661251198353,566.6100612214741,845.3237973982962,1125.7610518514039,1404.2601139080316,1682.747964588052,1961.1731667638653,2239.758940567278,2517.7497062409375,2796.676333890036,3075.1370540636112,3352.734244660422,3631.2216469083733,3909.786961226871,4188.142315884918,4466.229547571569,4743.669566856426,5021.346695062965,inf,inf,inf,inf,inf,inf,inf,inf,inf,inf,inf
65,inf,286.86661251198353,566.6100612214741,845.3237973982962,1125.7610518514039,1404.2601139080316,1682.747964588052,1961.1731667638653,2239.758940567278,2517.7497062409375,2796.676333890036,3075.1370540636112,3352.734244660422,3631.2216469083733,3909.786961226871,4188.142315884918,4466.229547571569,4743.669566856426,5021.346695062965,inf,inf,inf,inf,inf,inf,inf,inf,inf,inf,inf
66,inf,286.86661251198353,566.6100612214741,845.3237973982962,1125.7610518514039,1404.2601139080316,1682.747964588052,1961.1731667638653,2239.758940567278,2517.7497062409375,2796.676333890036,3075.1370540636112,3352.734244660422,3631.2216469083733,3909.786961226871,4188.142315884918,4466.229547571569,4743.669566856426,5021.346695062965,inf,inf,inf,inf,inf,inf,inf,inf,inf,inf,inf
67,inf,286.86661251198353,566.6100612214741,845.3237973982962,1125.7610518514039,1404.2601139080316,1682.747964588052,1961.1731667638653,2239.758940567278,2517.7497062409375,2796.676333890036,3075.1370540636112,3352.734244660422,3631.2216469083733,3909.786961226871,4188.142315884918,4466.229547571569,4743.669566856426,5021.346695062965,inf,inf,inf,inf,inf,inf,inf,inf,inf,inf,inf
68,inf,286.86661251198353,566.6100612214741,845.3237973982962,1125.7610518514039,1404.2601139080316,1682.747964588052,1961.1731667638653,2239.758940567278,2517.7497062409375,2796.676333890036,3075.1370540636112,3352.734244660422,3631.2216469083733,3909.786961226871,4188.142315884918,4466.229547571569,4743.669566856426,5021.346695062965,inf,inf,inf,inf,inf,inf,inf,inf,inf,inf,inf
69,inf,286.86661251198353,566.6100612214741,845.3237973982962,1125.7610518514039,1404.2601139080316,1682.747964588052,1961.1731667638653,2239.758940567278,2517.7497062409375,2796.676333890036,3075.1370540636112,3352.734244660422,3631.2216469083733,3909.786961226871,4188.142315884918,4466.229547571569,4743.669566856426,5021.346695062965,inf,inf,inf,inf,inf,inf,inf,inf,inf,inf,inf
70,inf,288.3806474547067,569.2054434925197,847.8020001845771,1125.8318372020256,1404.850495332767,1684.1095632462623,1962.4849503298312,2241.4839733484737,2519.6510996021375,2797.561462120355,3075.566980738213,3354.391286703903,3632.1886339021744,3910.1218410534084,4187.5524527060625,4465.856643479183,4744.201925148321,5022.450566924187,inf,inf,inf,inf,inf,inf,inf,inf,inf,inf,inf
71,inf,288.3806474547067,569.2054434925197,847.8020001845771,1125.8318372020256,1404.850495332767,1684.1095632462623,1962.4849503298312,2241.4839733484737,2519.6510996021375,2797.561462120355,3075.566980738213,3354.391286703903,3632.1886339021744,3910.1218410534084,4187.5524527060625,4465.856643479183,4744.201925148321,5022.450566924187,inf,inf,inf,inf,inf,inf,inf,inf,inf,inf,inf
72,inf,288.3806474547067,569.2054434925197,847.8020001845771,1125.8318372020256,1404.850495332767,1684.1095632462623,1962.4849503298312,2241.4839733484737,2519.6510996021375,2797.561462120355,3075.566980738213,3354.391286703903,3632.1886339021744,3910.1218410534084,4187.5524527060625,4465.856643479183,4744.201925148321,5022.450566924187,inf,inf,inf,inf,inf,inf,inf,inf,inf,inf,inf
73,inf,288.3806474547067,569.2054434925197,847.8020001845771,1125.8318372020256,1404.850495332767,1684.1095632462623,1962.4849503298312,2241.4839733484737,2519.6510996021375,2797.561462120355,3075.566980738213,3354.391286703903,3632.1886339021744,3910.1218410534084,4187.5524527060625,4465.856643479183,4744.201925148321,5022.450566924187,inf,inf,inf,inf,inf,inf,inf,inf,inf,inf,inf
74,inf,288.3806474547067,569.2054434925197,847.8020001845771,1125.8318372020256,1404.850495332767,1684.1095632462623,1962.4849503298312,2241.4839733484737,2519.6510996021375,2797.561462120355,3075.566980738213,3354.391286703903,3632.1886339021744,3910.1218410534084,4187.5524527060625,4465.856643479183,4744.201925148321,5022.450566924187,inf,inf,inf,inf,inf,inf,inf,inf,inf,inf,inf
75,inf,288.3806474547067,569.2054434925197,847.8020001845771,1125.8318372020256,1404.850495332767,1684.1095632462623,1962.4849503298312,2241.4839733484737,2519.6510996021375,2797.561462120355,3075.566980738213,3354.391286703903,3632.1886339021744,3910.1218410534084,4187.5524527060625,4465.856643479183,4744.201925148321,5022.450566924187,inf,inf,inf,inf,inf,inf,inf,inf,inf,inf,inf
76,inf,288.3806474547067,569.2054434925197,847.8020001845771,1125.8318372020256,1404.850495332767,1684.1095632462623,1962.4849503298312,2241.4839733484737,2519.6510996021375,2797.561462120355,3075.566980738213,3354.391286703903,3632.1886339021744,3910.1218410534084,4187.5524527060625,4465.856643479183,4744.201925148321,5022.450566924187,inf,inf,inf,inf,inf,inf,inf,inf,inf,inf,inf
77,inf,288.3806474547067,569.2054434925197,847.8020001845771,1125.8318372020256,1404.850495332767,1684.1095632462623,1962.4849503298312,2241.4839733484737,2519.6510996021375,2797.561462120355,3075.566980738213,3354.391286703903,3632.1886339021744,3910.1218410534084,4187.5524527060625,4465.856643479183,4744.201925148321,5022.450566924187,inf,inf,inf,inf,inf,inf,inf,inf,inf,inf,inf
78,inf,288.3806474547067,569.2054434925197,847.8020001845771,1125.8318372020256,1404.850495332767,1684.1095632462623,1962.4849503298312,2241.4839733484737,2519.6510996021375,2797.561462120355,3075.566980738213,3354.391286703903,3632.1886339021744,3910.1218410534084,4187.5524527060625,4465.856643479183,4744.201925148321,5022.450566924187,inf,inf,inf,inf,inf,inf,inf,inf,inf,inf,inf
79,inf,288.3806474547067,569.2054434925197,847.8020001845771,1125.8318372020256,1404.850495332767,1684.1095632462623,1962.4849503298312,2241.4839733484737,2519.6510996021375,2797.561462120355,3075.566980738213,3354.391286703903,3632.1886339021744,3910.1218410534084,4187.5524527060625,4465.856643479183,4744.201925148321,5022.450566924187,inf,inf,inf,inf,inf,inf,inf,inf,inf,inf,inf
80,inf,288.3806474547067,569.2054434925197,847.8020001845771,1125.8318372020256,1404.850495332767,1684.1095632462623,1962.4849503298312,2241.4839733484737,2519.6510996021375,2797.561462120355,3075.566980738213,3354.391286703903,3632.1886339021744,3910.1218410534084,4187.5524527060625,4465.856643479183,4744.201925148321,5022.450566924187,inf,inf,inf,inf,inf,inf,inf,inf,inf,inf,inf
81,inf,288.3806474547067,569.2054434925197,847.8020001845771,1125.8318372020256,1404.850495332767,1684.1095632462623,1962.4849503298312,2241.4839733484737,2519.6510996021375,2797.561462120355,3075.566980738213,3354.391286703903,3632.1886339021744,3910.1218410534084,4187.5524527060625,4465.856643479183,4744.201925148321,5022.450566924187,inf,inf,inf,inf,inf,inf,inf,inf,inf,inf,inf
82,inf,288.3806474547067,569.2054434925197,847.8020001845771,1125.8318372020256,1404.850495332767,1684.1095632462623,1962.4849503298312,2241.4839733484737,2519.6510996021375,2797.561462120355,3075.566980738213,3354.391286703903,3632.1886339021744,3910.1218410534084,4187.5524527060625,4465.856643479183,4744.201925148321,5022.450566924187,inf,inf,inf,inf,inf,inf,inf,inf,inf,inf,inf
83,inf,288.3806474547067,569.2054434925197,847.8020001845771,1125.8318372020256,1404.850495332767,1684.1095632462623,1962.4849503298312,2241.4839733484737,2519.6510996021375,2797.561462120355,3075.566980738213,3354.391286703903,3632.1886339021744,3910.1218410534084,4187.5524527060625,4465.856643479183,4744.201925148321,5022.450566924187,inf,inf,inf,inf,inf,inf,inf,inf,inf,inf,inf
84,inf,288.3806474547067,569.2054434925197,847.8020001845771,1125.8318372020256,1404.850495332767,1684.1095632462623,1962.4849503298312,2241.4839733484737,2519.6510996021375,2797.561462120355,3075.566980738213,3354.391286703903,3632.1886339021744,3910.1218410534084,4187.5524527060625,4465.856643479183,4744.201925148321,5022.450566924187,inf,inf,inf,inf,inf,inf,inf,inf,inf,inf,inf
85,inf,288.3806474547067,569.2054434925197,847.8020001845771,1125.8318372020256,1404.850495332767,1684.1095632462623,1962.4849503298312,2241.4839733484737,2519.6510996021375,2797.561462120355,3075.566980738213,3354.391286703903,3632.1886339021744,3910.1218410534084,4187.5524527060625,4465.856643479183,4744.201925148321,5022.450566924187,inf,inf,inf,inf,inf,inf,inf,inf,inf,inf,inf
86,inf,288.3806474547067,569.2054434925197,847.8020001845771,1125.8318372020256,1404.850495332767,1684.1095632462623,1962.4849503298312,2241.4839733484737,2519.6510996021375,2797.561462120355,3075.566980738213,3354.391286703903,3632.1886339021744,3910.1218410534084,4187.5524527060625,4465.856643479183,4744.201925148321,5022.450566924187,inf,inf,inf,inf,inf,inf,inf,inf,inf,inf,inf
87,inf,288.3806474547067,569.2054434925197,847.8020001845771,1125.8318372020256,1404.850495332767,1684.1095632462623,1962.4849503298312,2241.4839733484737,2519.6510996021375,2797.561462120355,3075.566980738213,3354.391286703903,3632.1886339021744,3910.1218410534084,4187.5524527060625,4465.856643479183,4744.201925148321,5022.450566924187,inf,inf,inf,inf,inf,inf,inf,inf,inf,inf,inf
88,inf,288.3806474547067,569.2054434925197,847.8020001845771,1125.8318372020256,1404.850495332767,1684.1095632462623,1962.4849503298312,2241.4839733484737,2519.6510996021375,2797.561462120355,3075.566980738213,3354.391286703903,3632.1886339021744,3910.1218410534084,4187.5524527060625,4465.856643479183,4744.201925148321,5022.450566924187,inf,inf,inf,inf,inf,inf,inf,inf,inf,inf,inf
89,inf,288.3806474547067,569.2054434925197,847.8020001845771,1125.8318372020256,1404.850495332767,1684.1095632462623,1962.4849503298312,2241.4839733484737,2519.6510996021375,2797.561462120355,3075.566980738213,3354.391286703903,3632.1886339021744,3910.1218410534084,4187.5524527060625,4465.856643479183,4744.201925148321,5022.450566924187,inf,inf,inf,inf,inf,inf,inf,inf,inf,inf,inf
90,inf,288.3806474547067,569.2054434925197,847.8020001845771,1125.8318372020256,1404.850495332767,1684.1095632462623,1962.4849503298312,2241.4839733484737,2519.6510996021375,2797.561462120355,3075.566980738213,3354.391286703903,3632.1886339021744,3910.1218410534084,4187.5524527060625,4465.856643479183,4744.201925148321,5022.450566924187,inf,inf,inf,inf,inf,inf,inf,inf,inf,inf,inf
91,inf,288.3806474547067,569.2054434925197,847.8020001845771,1125.8318372020256,1404.850495332767,1684.1095632462623,1962.4849503298312,2241.4839733484737,2519.6510996021375,2797.561462120355,3075.566980738213,3354.391286703903,3632.1886339021744,3910.1218410534084,4187.5524527060625,4465.856643479183,4744.201925148321,5022.450566924187,inf,inf,inf,inf,inf,inf,inf,inf,inf,inf,inf
92,inf,288.3806474547067,569.2054434925197,847.8020001845771,1125.8318372020256,1404.850495332767,1684.1095632462623,1962.4849503298312,2241.4839733484737,2519.6510996021375,2797.561462120355,3075.566980738213,3354.391286703903,3632.1886339021744,3910.1218410534084,4187.5524527060625,4465.856643479183,4744.201925148321,5022.450566924187,inf,inf,inf,inf,inf,inf,inf,inf,inf,inf,inf
93,inf,288.3806474547067,569.2054434925197,847.8020001845771,1125.8318372020256,1404.850495332767,1684.1095632462623,1962.4849503298312,2241.4839733484737,2519.6510996021375,2797.561462120355,3075.566980738213,3354.391286703903,3632.1886339021744,3910.1218410534084,4187.5524527060625,4465.856643479183,4744.201925148321,5022.450566924187,inf,inf,inf,inf,inf,inf,inf,inf,inf,inf,inf
94,inf,288.3806474547067,569.2054434925197,847.8020001845771,1125.8318372020256,1404.850495332767,1684.1095632462623,1962.4849503298312,2241.4839733484737,2519.6510996021375,2797.561462120355,3075.566980738213,3354.391286703903,3632.1886339021744,3910.1218410534084,4187.5524527060625,4465.856643479183,4744.201925148321,5022.450566924187,inf,inf,inf,inf,inf,inf,inf,inf,inf,inf,inf
95,inf,288.3806474547067,569.2054434925197,847.8020001845771,1125.8318372020256,1404.850495332767,1684.1095632462623,1962.4849503298312,2241.4839733484737,2519.6510996021375,2797.561462120355,3075.566980738213,3354.391286703903,3632.1886339021744,3910.1218410534084,4187.5524527060625,4465.856643479183,4744.201925148321,5022.450566924187,inf,inf,inf,inf,inf,inf,inf,inf,inf,inf,inf
96,inf,288.3806474547067,569.2054434925197,847.8020001845771,1125.8318372020256,1404.850495332767,1684.1095632462623,1962.4849503298312,2241.4839733484737,2519.6510996021375,2797.561462120355,3075.566980738213,3354.391286703903,3632.1886339021744,3910.1218410534084,4187.5524527060625,4465.856643479183,4744.201925148321,5022.450566924187,inf,inf,inf,inf,inf,inf,inf,inf,inf,inf,inf
97,inf,288.3806474547067,569.2054434925197,847.8020001845771,1125.8318372020256,1404.850495332767,1684.1095632462623,1962.4849503298312,2241.4839733484737,2519.6510996021375,2797.561462120355,3075.566980738213,3354.391286703903,3632.1886339021744,3910.1218410534084,4187.5524527060625,4465.856643479183,4744.201925148321,5022.450566924187,inf,inf,inf,inf,inf,inf,inf,inf,inf,inf,inf
98,inf,288.3806474547067,569.2054434925197,847.8020001845771,1125.8318372020256,1404.850495332767,1684.1095632462623,1962.4849503298312,2241.4839733484737,2519.6510996021375,2797.561462120355,3075.566980738213,3354.391286703903,3632.1886339021744,3910.1218410534084,4187.5524527060625,4465.856643479183,4744.201925148321,5022.450566924187,inf,inf,inf,inf,inf,inf,inf,inf,inf,inf,inf
99,inf,288.3806474547067,569.2054434925197,847.8020001845771,1125.8318372020256,1404.850495332767,1684.1095632462623,1962.4849503298312,2241.4839733484737,2519.6510996021375,2797.561462120355,3075.566980738213,3354.391286703903,3632.1886339021744,3910.1218410534084,4187.5524527060625,4465.856643479183,4744.201925148321,5022.450566924187,inf,inf,inf,inf,inf,inf,inf,inf,inf,inf,inf
